State,District,Market,Commodity,Variety,Arrival_Qty,Min_Price,Max_Price,Modal_Price,Date
Maharashtra,Pune,Pune,Onion,Local,1166,1760,2095,1978,01-01-2024
Maharashtra,Latur,Latur,Wheat,Local,526,2141,2569,2427,01-01-2024
Maharashtra,Latur,Latur,Cotton,Local,1486,6523,7908,7096,01-01-2024
Uttar Pradesh,Varanasi,Varanasi,Sugarcane,Local,376,2940,3298,3139,01-01-2024
Uttar Pradesh,Agra,Agra,Rice,Local,739,1897,2419,2129,01-01-2024
Uttar Pradesh,Kanpur,Kanpur,Onion,Local,1286,1648,2093,1858,01-01-2024
Punjab,Patiala,Patiala,Wheat,Local,1180,2336,2671,2464,01-01-2024
Punjab,Ludhiana,Ludhiana,Maize,Local,1232,2152,2628,2331,01-01-2024
Punjab,Amritsar,Amritsar,Rice,Local,642,2076,2516,2350,01-01-2024
Haryana,Hisar,Hisar,Cotton,Local,808,6455,7560,6982,01-01-2024
Haryana,Karnal,Karnal,Wheat,Local,1377,2136,2696,2377,01-01-2024
Haryana,Hisar,Hisar,Rice,Local,384,2060,2577,2310,01-01-2024
Madhya Pradesh,Indore,Indore,Soybean,Local,519,4468,5328,4758,01-01-2024
Madhya Pradesh,Gwalior,Gwalior,Chickpea,Local,1211,5217,6066,5745,01-01-2024
Madhya Pradesh,Ujjain,Ujjain,Wheat,Local,1366,2070,2555,2262,01-01-2024
Gujarat,Rajkot,Rajkot,Groundnut,Local,1247,5809,6784,6319,01-01-2024
Gujarat,Surat,Surat,Cotton,Local,333,6530,7694,7192,01-01-2024
Gujarat,Surat,Surat,Maize,Local,363,2057,2486,2205,01-01-2024
Rajasthan,Kota,Kota,Wheat,Local,1008,2138,2601,2357,01-01-2024
Rajasthan,Kota,Kota,Soybean,Local,1443,4265,5268,4642,01-01-2024
Rajasthan,Jodhpur,Jodhpur,Chickpea,Local,1362,5172,6137,5491,01-01-2024
Andhra Pradesh,Vijayawada,Vijayawada,Rice,Local,589,1904,2412,2163,01-01-2024
Andhra Pradesh,Guntur,Guntur,Maize,Local,1330,2042,2363,2230,01-01-2024
Andhra Pradesh,Kurnool,Kurnool,Turmeric,Local,815,9579,11173,10463,01-01-2024
Karnataka,Bangalore,Bangalore,Tomato,Local,679,2129,2596,2398,01-01-2024
Karnataka,Hubli,Hubli,Chickpea,Local,225,5249,6329,5575,01-01-2024
Karnataka,Bangalore,Bangalore,Maize,Local,307,1949,2464,2203,01-01-2024
Tamil Nadu,Madurai,Madurai,Onion,Local,483,1792,2072,1904,01-01-2024
Tamil Nadu,Madurai,Madurai,Maize,Local,867,2027,2433,2184,01-01-2024
Tamil Nadu,Chennai,Chennai,Rice,Local,297,2008,2418,2205,01-01-2024
West Bengal,Kolkata,Kolkata,Rice,Local,501,1941,2256,2107,01-01-2024
West Bengal,Hooghly,Hooghly,Potato,Local,114,990,1147,1071,01-01-2024
Bihar,Gaya,Gaya,Wheat,Local,1219,2015,2422,2205,01-01-2024
Bihar,Patna,Patna,Rice,Local,243,1889,2248,2069,01-01-2024
Maharashtra,Pune,Pune,Chickpea,Local,1373,5420,6466,5822,15-01-2024
Maharashtra,Nashik,Lasalgaon,Jowar,Local,273,3049,3675,3275,15-01-2024
Maharashtra,Nagpur,Nagpur,Potato,Local,425,1054,1221,1149,15-01-2024
Uttar Pradesh,Meerut,Meerut,Sugarcane,Local,153,2917,3411,3102,15-01-2024
Uttar Pradesh,Lucknow,Lucknow,Rice,Local,534,2099,2510,2215,15-01-2024
Uttar Pradesh,Lucknow,Lucknow,Wheat,Local,170,2078,2565,2274,15-01-2024
Punjab,Bathinda,Bathinda,Cotton,Local,916,6583,7682,7042,15-01-2024
Punjab,Amritsar,Amritsar,Wheat,Local,1236,2152,2717,2389,15-01-2024
Punjab,Ludhiana,Ludhiana,Rice,Local,1079,2084,2600,2358,15-01-2024
Haryana,Hisar,Hisar,Wheat,Local,531,2214,2642,2502,15-01-2024
Haryana,Karnal,Karnal,Maize,Local,1267,2055,2338,2181,15-01-2024
Haryana,Hisar,Hisar,Rice,Local,1120,2102,2549,2312,15-01-2024
Madhya Pradesh,Ujjain,Ujjain,Soybean,Local,664,4166,5097,4590,15-01-2024
Madhya Pradesh,Indore,Indore,Wheat,Local,988,2127,2410,2281,15-01-2024
Madhya Pradesh,Indore,Indore,Chickpea,Local,764,4848,5817,5417,15-01-2024
Gujarat,Surat,Surat,Groundnut,Local,1302,5886,6984,6273,15-01-2024
Gujarat,Ahmedabad,Ahmedabad,Cotton,Local,1408,6474,7684,6986,15-01-2024
Gujarat,Surat,Surat,Maize,Local,269,2031,2421,2283,15-01-2024
Rajasthan,Jodhpur,Jodhpur,Wheat,Local,1348,2193,2519,2358,15-01-2024
Rajasthan,Jaipur,Jaipur,Chickpea,Local,154,5087,6415,5668,15-01-2024
Rajasthan,Jaipur,Jaipur,Soybean,Local,733,4490,5045,4787,15-01-2024
Andhra Pradesh,Kurnool,Kurnool,Turmeric,Local,69,9537,11301,10382,15-01-2024
Andhra Pradesh,Kurnool,Kurnool,Maize,Local,1167,1987,2387,2110,15-01-2024
Andhra Pradesh,Kurnool,Kurnool,Rice,Local,311,2102,2428,2283,15-01-2024
Karnataka,Mysore,Mysore,Chickpea,Local,260,5336,6396,5964,15-01-2024
Karnataka,Hubli,Hubli,Maize,Local,1321,2124,2450,2255,15-01-2024
Karnataka,Mysore,Mysore,Tomato,Local,412,2205,2631,2333,15-01-2024
Tamil Nadu,Coimbatore,Coimbatore,Rice,Local,558,2025,2474,2228,15-01-2024
Tamil Nadu,Coimbatore,Coimbatore,Onion,Local,129,1753,2046,1887,15-01-2024
Tamil Nadu,Chennai,Chennai,Maize,Local,675,1961,2284,2093,15-01-2024
West Bengal,Hooghly,Hooghly,Rice,Local,192,1963,2324,2162,15-01-2024
West Bengal,Hooghly,Hooghly,Potato,Local,1148,1004,1218,1096,15-01-2024
Bihar,Patna,Patna,Wheat,Local,593,2077,2548,2312,15-01-2024
Bihar,Gaya,Gaya,Rice,Local,692,1863,2282,2046,15-01-2024
Maharashtra,Pune,Pune,Potato,Local,943,1107,1306,1239,14-02-2024
Maharashtra,Nashik,Lasalgaon,Onion,Local,1423,1929,2290,2060,14-02-2024
Maharashtra,Latur,Latur,Jowar,Local,726,3000,3762,3390,14-02-2024
Uttar Pradesh,Varanasi,Varanasi,Potato,Local,718,1078,1308,1178,14-02-2024
Uttar Pradesh,Varanasi,Varanasi,Wheat,Local,1411,2179,2532,2372,14-02-2024
Uttar Pradesh,Varanasi,Varanasi,Onion,Local,666,1870,2192,1983,14-02-2024
Punjab,Bathinda,Bathinda,Wheat,Local,709,2287,2702,2446,14-02-2024
Punjab,Amritsar,Amritsar,Rice,Local,397,2155,2547,2324,14-02-2024
Punjab,Ludhiana,Ludhiana,Maize,Local,241,2088,2492,2254,14-02-2024
Haryana,Karnal,Karnal,Maize,Local,1301,1949,2513,2207,14-02-2024
Haryana,Hisar,Hisar,Wheat,Local,1476,2328,2723,2471,14-02-2024
Haryana,Karnal,Karnal,Rice,Local,61,2074,2564,2312,14-02-2024
Madhya Pradesh,Bhopal,Bhopal,Soybean,Local,1191,4503,5294,4849,14-02-2024
Madhya Pradesh,Gwalior,Gwalior,Wheat,Local,1001,2166,2589,2438,14-02-2024
Madhya Pradesh,Ujjain,Ujjain,Chickpea,Local,1083,5527,6482,5865,14-02-2024
Gujarat,Surat,Surat,Maize,Local,556,2073,2436,2270,14-02-2024
Gujarat,Rajkot,Rajkot,Cotton,Local,539,6459,7559,6912,14-02-2024
Gujarat,Rajkot,Rajkot,Groundnut,Local,737,6027,6942,6481,14-02-2024
Rajasthan,Jodhpur,Jodhpur,Bajra,Local,181,2314,2775,2492,14-02-2024
Rajasthan,Jodhpur,Jodhpur,Chickpea,Local,473,5211,6173,5677,14-02-2024
Rajasthan,Kota,Kota,Soybean,Local,90,4426,5379,4739,14-02-2024
Andhra Pradesh,Vijayawada,Vijayawada,Maize,Local,908,2057,2477,2283,14-02-2024
Andhra Pradesh,Guntur,Guntur,Turmeric,Local,501,9719,11689,10585,14-02-2024
Andhra Pradesh,Vijayawada,Vijayawada,Rice,Local,738,1999,2310,2195,14-02-2024
Karnataka,Bangalore,Bangalore,Rice,Local,1143,2200,2652,2330,14-02-2024
Karnataka,Hubli,Hubli,Chickpea,Local,221,5552,6686,6025,14-02-2024
Karnataka,Mysore,Mysore,Tomato,Local,582,2286,2591,2430,14-02-2024
Tamil Nadu,Coimbatore,Coimbatore,Maize,Local,913,1989,2310,2131,14-02-2024
Tamil Nadu,Coimbatore,Coimbatore,Rice,Local,156,2062,2524,2259,14-02-2024
Tamil Nadu,Chennai,Chennai,Onion,Local,132,1709,2195,1932,14-02-2024
West Bengal,Burdwan,Burdwan,Rice,Local,1019,2045,2372,2214,14-02-2024
West Bengal,Hooghly,Hooghly,Potato,Local,574,1036,1196,1095,14-02-2024
Bihar,Patna,Patna,Wheat,Local,1235,2084,2520,2338,14-02-2024
Bihar,Gaya,Gaya,Rice,Local,818,2030,2497,2206,14-02-2024
Maharashtra,Amravati,Amravati,Onion,Local,297,1882,2322,2089,28-02-2024
Maharashtra,Solapur,Solapur,Sugarcane,Local,927,3182,3681,3404,28-02-2024
Maharashtra,Amravati,Amravati,Turmeric,Local,910,9591,11323,10477,28-02-2024
Uttar Pradesh,Lucknow,Lucknow,Sugarcane,Local,1498,2987,3634,3231,28-02-2024
Uttar Pradesh,Meerut,Meerut,Wheat,Local,603,2164,2641,2323,28-02-2024
Uttar Pradesh,Meerut,Meerut,Rice,Local,942,2048,2441,2232,28-02-2024
Punjab,Bathinda,Bathinda,Maize,Local,549,2086,2658,2354,28-02-2024
Punjab,Patiala,Patiala,Rice,Local,1062,2176,2536,2348,28-02-2024
Punjab,Patiala,Patiala,Wheat,Local,747,2183,2737,2440,28-02-2024
Haryana,Hisar,Hisar,Maize,Local,882,2032,2437,2274,28-02-2024
Haryana,Hisar,Hisar,Rice,Local,1055,2083,2539,2323,28-02-2024
Haryana,Karnal,Karnal,Wheat,Local,1466,2250,2716,2538,28-02-2024
Madhya Pradesh,Gwalior,Gwalior,Soybean,Local,1177,4298,5418,4754,28-02-2024
Madhya Pradesh,Indore,Indore,Chickpea,Local,522,5100,6028,5594,28-02-2024
Madhya Pradesh,Bhopal,Bhopal,Wheat,Local,1463,2166,2682,2401,28-02-2024
Gujarat,Rajkot,Rajkot,Groundnut,Local,1272,5892,7153,6396,28-02-2024
Gujarat,Ahmedabad,Ahmedabad,Maize,Local,789,2170,2490,2313,28-02-2024
Gujarat,Ahmedabad,Ahmedabad,Cotton,Local,143,6438,7351,6926,28-02-2024
Rajasthan,Kota,Kota,Soybean,Local,75,4509,5120,4834,28-02-2024
Rajasthan,Jodhpur,Jodhpur,Chickpea,Local,155,5135,6074,5621,28-02-2024
Rajasthan,Jodhpur,Jodhpur,Bajra,Local,870,2409,2964,2637,28-02-2024
Andhra Pradesh,Kurnool,Kurnool,Rice,Local,558,2006,2351,2182,28-02-2024
Andhra Pradesh,Kurnool,Kurnool,Turmeric,Local,1316,9480,11508,10427,28-02-2024
Andhra Pradesh,Vijayawada,Vijayawada,Maize,Local,658,2044,2551,2254,28-02-2024
Karnataka,Hubli,Hubli,Rice,Local,475,2132,2598,2288,28-02-2024
Karnataka,Hubli,Hubli,Maize,Local,405,2015,2316,2176,28-02-2024
Karnataka,Mysore,Mysore,Tomato,Local,1266,2078,2575,2361,28-02-2024
Tamil Nadu,Madurai,Madurai,Maize,Local,195,1911,2395,2124,28-02-2024
Tamil Nadu,Madurai,Madurai,Rice,Local,1257,1935,2415,2154,28-02-2024
Tamil Nadu,Madurai,Madurai,Onion,Local,510,1809,2146,2024,28-02-2024
West Bengal,Burdwan,Burdwan,Rice,Local,679,1958,2356,2212,28-02-2024
West Bengal,Hooghly,Hooghly,Potato,Local,304,1060,1240,1152,28-02-2024
Bihar,Patna,Patna,Rice,Local,214,2021,2418,2209,28-02-2024
Bihar,Patna,Patna,Wheat,Local,102,2196,2604,2358,28-02-2024
Maharashtra,Solapur,Solapur,Turmeric,Local,1112,10035,11458,10751,13-03-2024
Maharashtra,Solapur,Solapur,Wheat,Local,942,2219,2812,2467,13-03-2024
Maharashtra,Nagpur,Nagpur,Cotton,Local,886,6906,7959,7286,13-03-2024
Uttar Pradesh,Meerut,Meerut,Potato,Local,870,1056,1223,1137,13-03-2024
Uttar Pradesh,Varanasi,Varanasi,Wheat,Local,287,2012,2435,2270,13-03-2024
Uttar Pradesh,Varanasi,Varanasi,Sugarcane,Local,1161,2978,3335,3176,13-03-2024
Punjab,Amritsar,Amritsar,Cotton,Local,955,6702,7945,7257,13-03-2024
Punjab,Bathinda,Bathinda,Wheat,Local,947,2266,2796,2467,13-03-2024
Punjab,Ludhiana,Ludhiana,Maize,Local,540,2089,2434,2203,13-03-2024
Haryana,Hisar,Hisar,Maize,Local,282,2003,2574,2259,13-03-2024
Haryana,Rohtak,Rohtak,Rice,Local,647,2238,2573,2419,13-03-2024
Haryana,Karnal,Karnal,Wheat,Local,1017,2313,2782,2544,13-03-2024
Madhya Pradesh,Indore,Indore,Soybean,Local,329,4296,5206,4660,13-03-2024
Madhya Pradesh,Gwalior,Gwalior,Wheat,Local,1089,2188,2543,2339,13-03-2024
Madhya Pradesh,Ujjain,Ujjain,Chickpea,Local,1252,5274,6312,5861,13-03-2024
Gujarat,Rajkot,Rajkot,Groundnut,Local,982,5966,7136,6494,13-03-2024
Gujarat,Ahmedabad,Ahmedabad,Cotton,Local,834,6874,7764,7246,13-03-2024
Gujarat,Surat,Surat,Maize,Local,1018,2062,2447,2269,13-03-2024
Rajasthan,Jodhpur,Jodhpur,Chickpea,Local,1258,5093,6320,5771,13-03-2024
Rajasthan,Jodhpur,Jodhpur,Wheat,Local,1127,2331,2699,2477,13-03-2024
Rajasthan,Jaipur,Jaipur,Bajra,Local,366,2158,2736,2425,13-03-2024
Andhra Pradesh,Vijayawada,Vijayawada,Maize,Local,722,2003,2332,2206,13-03-2024
Andhra Pradesh,Vijayawada,Vijayawada,Turmeric,Local,1049,9770,11623,10777,13-03-2024
Andhra Pradesh,Kurnool,Kurnool,Rice,Local,638,1931,2416,2183,13-03-2024
Karnataka,Hubli,Hubli,Tomato,Local,390,2360,2690,2540,13-03-2024
Karnataka,Mysore,Mysore,Maize,Local,164,1914,2342,2170,13-03-2024
Karnataka,Hubli,Hubli,Rice,Local,893,2061,2427,2264,13-03-2024
Tamil Nadu,Chennai,Chennai,Onion,Local,1449,1823,2143,1976,13-03-2024
Tamil Nadu,Coimbatore,Coimbatore,Rice,Local,1356,2045,2378,2221,13-03-2024
Tamil Nadu,Coimbatore,Coimbatore,Maize,Local,1002,1977,2412,2133,13-03-2024
West Bengal,Hooghly,Hooghly,Rice,Local,1358,1958,2389,2166,13-03-2024
West Bengal,Hooghly,Hooghly,Potato,Local,837,1056,1247,1158,13-03-2024
Bihar,Gaya,Gaya,Wheat,Local,1482,2070,2462,2287,13-03-2024
Bihar,Patna,Patna,Rice,Local,66,1943,2248,2071,13-03-2024
Maharashtra,Nagpur,Nagpur,Tomato,Local,1321,2149,2631,2376,12-04-2024
Maharashtra,Solapur,Solapur,Cotton,Local,330,6643,7919,7139,12-04-2024
Maharashtra,Pune,Pune,Sugarcane,Local,952,2902,3309,3141,12-04-2024
Uttar Pradesh,Lucknow,Lucknow,Onion,Local,900,1727,1975,1830,12-04-2024
Uttar Pradesh,Meerut,Meerut,Potato,Local,799,1013,1223,1083,12-04-2024
Uttar Pradesh,Kanpur,Kanpur,Sugarcane,Local,1036,2775,3286,3086,12-04-2024
Punjab,Bathinda,Bathinda,Maize,Local,1435,2076,2653,2333,12-04-2024
Punjab,Amritsar,Amritsar,Wheat,Local,858,2409,2786,2573,12-04-2024
Punjab,Patiala,Patiala,Rice,Local,1426,2076,2530,2336,12-04-2024
Haryana,Hisar,Hisar,Rice,Local,1199,2047,2403,2284,12-04-2024
Haryana,Rohtak,Rohtak,Maize,Local,1000,2061,2430,2302,12-04-2024
Haryana,Hisar,Hisar,Cotton,Local,126,6356,7434,6996,12-04-2024
Madhya Pradesh,Ujjain,Ujjain,Soybean,Local,809,4211,4979,4589,12-04-2024
Madhya Pradesh,Indore,Indore,Wheat,Local,1391,2191,2659,2354,12-04-2024
Madhya Pradesh,Indore,Indore,Chickpea,Local,622,5264,6470,5703,12-04-2024
Gujarat,Surat,Surat,Maize,Local,253,2059,2451,2175,12-04-2024
Gujarat,Rajkot,Rajkot,Cotton,Local,174,6504,7641,6896,12-04-2024
Gujarat,Ahmedabad,Ahmedabad,Groundnut,Local,981,6003,7192,6334,12-04-2024
Rajasthan,Jaipur,Jaipur,Wheat,Local,1206,2056,2592,2276,12-04-2024
Rajasthan,Jaipur,Jaipur,Soybean,Local,492,4269,4887,4573,12-04-2024
Rajasthan,Jodhpur,Jodhpur,Bajra,Local,55,2172,2760,2440,12-04-2024
Andhra Pradesh,Kurnool,Kurnool,Rice,Local,319,2081,2644,2344,12-04-2024
Andhra Pradesh,Kurnool,Kurnool,Turmeric,Local,82,9416,11106,10069,12-04-2024
Andhra Pradesh,Vijayawada,Vijayawada,Maize,Local,282,1886,2308,2122,12-04-2024
Karnataka,Bangalore,Bangalore,Tomato,Local,1081,2184,2528,2385,12-04-2024
Karnataka,Hubli,Hubli,Maize,Local,1399,1997,2535,2262,12-04-2024
Karnataka,Mysore,Mysore,Chickpea,Local,1030,5212,5931,5634,12-04-2024
Tamil Nadu,Madurai,Madurai,Maize,Local,709,1964,2438,2156,12-04-2024
Tamil Nadu,Madurai,Madurai,Rice,Local,1248,1938,2411,2180,12-04-2024
Tamil Nadu,Coimbatore,Coimbatore,Onion,Local,653,1756,2138,1937,12-04-2024
West Bengal,Burdwan,Burdwan,Potato,Local,1179,998,1246,1124,12-04-2024
West Bengal,Hooghly,Hooghly,Rice,Local,897,2059,2556,2262,12-04-2024
Bihar,Gaya,Gaya,Rice,Local,1412,1915,2351,2160,12-04-2024
Bihar,Patna,Patna,Wheat,Local,187,1998,2541,2243,12-04-2024
Maharashtra,Latur,Latur,Onion,Local,172,1832,2147,2022,19-04-2024
Maharashtra,Nagpur,Nagpur,Jowar,Local,891,3204,3869,3485,19-04-2024
Maharashtra,Nagpur,Nagpur,Turmeric,Local,155,10120,11641,10699,19-04-2024
Uttar Pradesh,Lucknow,Lucknow,Onion,Local,1037,1672,1943,1826,19-04-2024
Uttar Pradesh,Kanpur,Kanpur,Potato,Local,285,1032,1255,1141,19-04-2024
Uttar Pradesh,Meerut,Meerut,Rice,Local,1323,2091,2515,2233,19-04-2024
Punjab,Patiala,Patiala,Wheat,Local,745,2146,2670,2387,19-04-2024
Punjab,Amritsar,Amritsar,Maize,Local,870,2033,2379,2161,19-04-2024
Punjab,Ludhiana,Ludhiana,Rice,Local,1136,2137,2434,2312,19-04-2024
Haryana,Rohtak,Rohtak,Rice,Local,1212,2109,2596,2328,19-04-2024
Haryana,Karnal,Karnal,Cotton,Local,1315,6073,7313,6872,19-04-2024
Haryana,Rohtak,Rohtak,Maize,Local,1044,2031,2507,2259,19-04-2024
Madhya Pradesh,Gwalior,Gwalior,Soybean,Local,277,4196,4953,4582,19-04-2024
Madhya Pradesh,Indore,Indore,Chickpea,Local,681,5192,6183,5634,19-04-2024
Madhya Pradesh,Gwalior,Gwalior,Wheat,Local,468,2168,2411,2285,19-04-2024
Gujarat,Ahmedabad,Ahmedabad,Groundnut,Local,931,5633,6942,6341,19-04-2024
Gujarat,Surat,Surat,Maize,Local,1194,1945,2270,2120,19-04-2024
Gujarat,Rajkot,Rajkot,Cotton,Local,136,6320,8052,7141,19-04-2024
Rajasthan,Jodhpur,Jodhpur,Bajra,Local,1361,2343,2805,2546,19-04-2024
Rajasthan,Kota,Kota,Wheat,Local,401,2108,2639,2321,19-04-2024
Rajasthan,Jaipur,Jaipur,Chickpea,Local,944,5192,6055,5593,19-04-2024
Andhra Pradesh,Kurnool,Kurnool,Rice,Local,745,2081,2472,2293,19-04-2024
Andhra Pradesh,Vijayawada,Vijayawada,Maize,Local,283,1903,2339,2134,19-04-2024
Andhra Pradesh,Kurnool,Kurnool,Turmeric,Local,1371,9616,11023,10193,19-04-2024
Karnataka,Bangalore,Bangalore,Maize,Local,1392,1911,2279,2142,19-04-2024
Karnataka,Hubli,Hubli,Tomato,Local,1204,2123,2488,2273,19-04-2024
Karnataka,Hubli,Hubli,Chickpea,Local,1351,5386,6276,5701,19-04-2024
Tamil Nadu,Madurai,Madurai,Maize,Local,612,1926,2335,2110,19-04-2024
Tamil Nadu,Chennai,Chennai,Onion,Local,975,1682,1980,1837,19-04-2024
Tamil Nadu,Madurai,Madurai,Rice,Local,234,2030,2287,2164,19-04-2024
West Bengal,Hooghly,Hooghly,Potato,Local,134,1046,1234,1105,19-04-2024
West Bengal,Hooghly,Hooghly,Rice,Local,1289,2088,2421,2269,19-04-2024
Bihar,Patna,Patna,Wheat,Local,222,2114,2540,2257,19-04-2024
Bihar,Patna,Patna,Rice,Local,1123,1946,2385,2094,19-04-2024
Maharashtra,Solapur,Solapur,Chickpea,Local,1342,5186,6335,5739,26-04-2024
Maharashtra,Nagpur,Nagpur,Cotton,Local,841,6273,7642,6946,26-04-2024
Maharashtra,Amravati,Amravati,Jowar,Local,1284,3096,3746,3295,26-04-2024
Uttar Pradesh,Varanasi,Varanasi,Rice,Local,1393,1989,2417,2235,26-04-2024
Uttar Pradesh,Varanasi,Varanasi,Potato,Local,1194,1001,1139,1077,26-04-2024
Uttar Pradesh,Meerut,Meerut,Wheat,Local,1489,2113,2484,2340,26-04-2024
Punjab,Patiala,Patiala,Wheat,Local,488,2187,2675,2482,26-04-2024
Punjab,Ludhiana,Ludhiana,Maize,Local,331,2130,2494,2330,26-04-2024
Punjab,Amritsar,Amritsar,Rice,Local,1155,2160,2436,2300,26-04-2024
Haryana,Rohtak,Rohtak,Maize,Local,1468,2000,2394,2245,26-04-2024
Haryana,Hisar,Hisar,Rice,Local,891,2154,2632,2416,26-04-2024
Haryana,Rohtak,Rohtak,Wheat,Local,633,2233,2715,2491,26-04-2024
Madhya Pradesh,Gwalior,Gwalior,Soybean,Local,447,4324,5043,4617,26-04-2024
Madhya Pradesh,Ujjain,Ujjain,Wheat,Local,627,2181,2584,2371,26-04-2024
Madhya Pradesh,Bhopal,Bhopal,Chickpea,Local,458,5052,5915,5556,26-04-2024
Gujarat,Ahmedabad,Ahmedabad,Cotton,Local,1106,6596,7604,7179,26-04-2024
Gujarat,Ahmedabad,Ahmedabad,Groundnut,Local,1101,5917,6812,6339,26-04-2024
Gujarat,Rajkot,Rajkot,Maize,Local,973,1987,2538,2242,26-04-2024
Rajasthan,Jodhpur,Jodhpur,Bajra,Local,217,2224,2662,2454,26-04-2024
Rajasthan,Jodhpur,Jodhpur,Wheat,Local,1381,2083,2445,2309,26-04-2024
Rajasthan,Kota,Kota,Chickpea,Local,1017,5108,6177,5742,26-04-2024
Andhra Pradesh,Kurnool,Kurnool,Rice,Local,491,2179,2429,2310,26-04-2024
Andhra Pradesh,Guntur,Guntur,Maize,Local,277,2021,2383,2171,26-04-2024
Andhra Pradesh,Vijayawada,Vijayawada,Turmeric,Local,1358,8860,10684,9971,26-04-2024
Karnataka,Hubli,Hubli,Rice,Local,1344,2172,2607,2374,26-04-2024
Karnataka,Hubli,Hubli,Tomato,Local,53,2183,2526,2347,26-04-2024
Karnataka,Bangalore,Bangalore,Chickpea,Local,1418,5204,6035,5657,26-04-2024
Tamil Nadu,Madurai,Madurai,Onion,Local,1089,1812,2212,1974,26-04-2024
Tamil Nadu,Coimbatore,Coimbatore,Maize,Local,842,1918,2148,2038,26-04-2024
Tamil Nadu,Chennai,Chennai,Rice,Local,756,1938,2465,2199,26-04-2024
West Bengal,Kolkata,Kolkata,Rice,Local,1366,1930,2305,2133,26-04-2024
West Bengal,Burdwan,Burdwan,Potato,Local,1030,1046,1283,1127,26-04-2024
Bihar,Patna,Patna,Wheat,Local,650,2043,2386,2187,26-04-2024
Bihar,Gaya,Gaya,Rice,Local,685,1873,2208,2095,26-04-2024
Maharashtra,Amravati,Amravati,Tomato,Local,147,2005,2428,2244,26-05-2024
Maharashtra,Aurangabad,Aurangabad,Cotton,Local,944,6283,7840,6988,26-05-2024
Maharashtra,Aurangabad,Aurangabad,Wheat,Local,432,2272,2614,2410,26-05-2024
Uttar Pradesh,Meerut,Meerut,Sugarcane,Local,931,2656,3262,2998,26-05-2024
Uttar Pradesh,Agra,Agra,Potato,Local,260,960,1158,1076,26-05-2024
Uttar Pradesh,Lucknow,Lucknow,Onion,Local,922,1474,1783,1636,26-05-2024
Punjab,Patiala,Patiala,Cotton,Local,940,6379,7334,6780,26-05-2024
Punjab,Bathinda,Bathinda,Rice,Local,1424,2208,2491,2361,26-05-2024
Punjab,Ludhiana,Ludhiana,Maize,Local,113,2043,2425,2182,26-05-2024
Haryana,Rohtak,Rohtak,Rice,Local,834,2087,2418,2233,26-05-2024
Haryana,Hisar,Hisar,Wheat,Local,809,2047,2506,2298,26-05-2024
Haryana,Hisar,Hisar,Maize,Local,801,1926,2311,2175,26-05-2024
Madhya Pradesh,Ujjain,Ujjain,Soybean,Local,1110,4204,5086,4768,26-05-2024
Madhya Pradesh,Ujjain,Ujjain,Chickpea,Local,1491,4950,6240,5573,26-05-2024
Madhya Pradesh,Bhopal,Bhopal,Wheat,Local,1055,2048,2469,2219,26-05-2024
Gujarat,Surat,Surat,Groundnut,Local,229,5940,6867,6300,26-05-2024
Gujarat,Surat,Surat,Maize,Local,182,2109,2467,2222,26-05-2024
Gujarat,Surat,Surat,Cotton,Local,1484,6463,7726,6858,26-05-2024
Rajasthan,Jaipur,Jaipur,Wheat,Local,1061,1989,2364,2225,26-05-2024
Rajasthan,Jaipur,Jaipur,Chickpea,Local,1179,4958,5885,5389,26-05-2024
Rajasthan,Kota,Kota,Bajra,Local,1030,2168,2637,2447,26-05-2024
Andhra Pradesh,Vijayawada,Vijayawada,Maize,Local,1004,1856,2174,2057,26-05-2024
Andhra Pradesh,Vijayawada,Vijayawada,Turmeric,Local,1179,8635,10923,9713,26-05-2024
Andhra Pradesh,Kurnool,Kurnool,Rice,Local,1079,2111,2400,2261,26-05-2024
Karnataka,Mysore,Mysore,Tomato,Local,511,1910,2430,2143,26-05-2024
Karnataka,Mysore,Mysore,Chickpea,Local,211,5277,6194,5759,26-05-2024
Karnataka,Mysore,Mysore,Rice,Local,1330,2096,2378,2213,26-05-2024
Tamil Nadu,Madurai,Madurai,Onion,Local,1328,1554,1798,1688,26-05-2024
Tamil Nadu,Chennai,Chennai,Rice,Local,134,2052,2573,2271,26-05-2024
Tamil Nadu,Madurai,Madurai,Maize,Local,592,1901,2249,2009,26-05-2024
West Bengal,Hooghly,Hooghly,Rice,Local,1167,1919,2459,2176,26-05-2024
West Bengal,Hooghly,Hooghly,Potato,Local,1452,934,1111,1036,26-05-2024
Bihar,Gaya,Gaya,Rice,Local,1041,1821,2245,2060,26-05-2024
Bihar,Gaya,Gaya,Wheat,Local,703,1982,2317,2149,26-05-2024
Maharashtra,Nashik,Lasalgaon,Soybean,Local,557,4093,4817,4485,09-06-2024
Maharashtra,Aurangabad,Aurangabad,Chickpea,Local,1310,4698,5659,5218,09-06-2024
Maharashtra,Latur,Latur,Onion,Local,720,1489,1685,1583,09-06-2024
Uttar Pradesh,Varanasi,Varanasi,Potato,Local,681,900,1075,982,09-06-2024
Uttar Pradesh,Lucknow,Lucknow,Rice,Local,543,1886,2183,1993,09-06-2024
Uttar Pradesh,Varanasi,Varanasi,Wheat,Local,1273,1844,2244,2087,09-06-2024
Punjab,Bathinda,Bathinda,Maize,Local,799,1981,2459,2177,09-06-2024
Punjab,Patiala,Patiala,Cotton,Local,448,6134,7439,6755,09-06-2024
Punjab,Patiala,Patiala,Wheat,Local,1176,1976,2445,2232,09-06-2024
Haryana,Karnal,Karnal,Wheat,Local,798,2043,2359,2183,09-06-2024
Haryana,Karnal,Karnal,Rice,Local,142,1967,2352,2148,09-06-2024
Haryana,Karnal,Karnal,Maize,Local,985,1840,2226,2037,09-06-2024
Madhya Pradesh,Gwalior,Gwalior,Chickpea,Local,1312,4836,5818,5360,09-06-2024
Madhya Pradesh,Gwalior,Gwalior,Wheat,Local,1053,1932,2312,2110,09-06-2024
Madhya Pradesh,Ujjain,Ujjain,Soybean,Local,274,3845,4712,4364,09-06-2024
Gujarat,Surat,Surat,Maize,Local,1234,1863,2299,2073,09-06-2024
Gujarat,Surat,Surat,Cotton,Local,1123,5732,7092,6487,09-06-2024
Gujarat,Ahmedabad,Ahmedabad,Groundnut,Local,1444,5775,6703,6182,09-06-2024
Rajasthan,Kota,Kota,Bajra,Local,895,2090,2496,2295,09-06-2024
Rajasthan,Kota,Kota,Soybean,Local,1015,3947,4766,4313,09-06-2024
Rajasthan,Jodhpur,Jodhpur,Chickpea,Local,1198,4953,5844,5329,09-06-2024
Andhra Pradesh,Vijayawada,Vijayawada,Turmeric,Local,751,8099,10277,9078,09-06-2024
Andhra Pradesh,Vijayawada,Vijayawada,Maize,Local,1367,1880,2244,2013,09-06-2024
Andhra Pradesh,Vijayawada,Vijayawada,Rice,Local,621,1916,2381,2096,09-06-2024
Karnataka,Mysore,Mysore,Chickpea,Local,1051,5070,6067,5455,09-06-2024
Karnataka,Mysore,Mysore,Tomato,Local,610,1794,2214,1952,09-06-2024
Karnataka,Mysore,Mysore,Maize,Local,858,1850,2163,1995,09-06-2024
Tamil Nadu,Madurai,Madurai,Rice,Local,955,1914,2225,2058,09-06-2024
Tamil Nadu,Coimbatore,Coimbatore,Maize,Local,1153,1788,2090,1957,09-06-2024
Tamil Nadu,Madurai,Madurai,Onion,Local,1310,1492,1706,1606,09-06-2024
West Bengal,Kolkata,Kolkata,Rice,Local,526,1865,2116,1977,09-06-2024
West Bengal,Kolkata,Kolkata,Potato,Local,1445,849,1027,940,09-06-2024
Bihar,Patna,Patna,Wheat,Local,1027,1906,2276,2016,09-06-2024
Bihar,Patna,Patna,Rice,Local,171,1864,2228,2071,09-06-2024
Maharashtra,Pune,Pune,Sugarcane,Local,410,2903,3674,3253,09-07-2024
Maharashtra,Pune,Pune,Potato,Local,642,953,1149,1050,09-07-2024
Maharashtra,Nagpur,Nagpur,Wheat,Local,736,1886,2173,2051,09-07-2024
Uttar Pradesh,Kanpur,Kanpur,Sugarcane,Local,280,2809,3285,3078,09-07-2024
Uttar Pradesh,Agra,Agra,Onion,Local,431,1317,1550,1444,09-07-2024
Uttar Pradesh,Lucknow,Lucknow,Wheat,Local,445,1934,2277,2068,09-07-2024
Punjab,Bathinda,Bathinda,Cotton,Local,337,5995,6899,6468,09-07-2024
Punjab,Bathinda,Bathinda,Rice,Local,532,1926,2304,2146,09-07-2024
Punjab,Amritsar,Amritsar,Maize,Local,1223,2004,2280,2117,09-07-2024
Haryana,Karnal,Karnal,Maize,Local,678,1846,2214,2087,09-07-2024
Haryana,Hisar,Hisar,Rice,Local,1490,1958,2418,2139,09-07-2024
Haryana,Rohtak,Rohtak,Cotton,Local,802,6220,7632,6726,09-07-2024
Madhya Pradesh,Ujjain,Ujjain,Wheat,Local,815,1867,2332,2047,09-07-2024
Madhya Pradesh,Bhopal,Bhopal,Chickpea,Local,1410,4867,5765,5156,09-07-2024
Madhya Pradesh,Ujjain,Ujjain,Soybean,Local,217,4056,4825,4372,09-07-2024
Gujarat,Ahmedabad,Ahmedabad,Maize,Local,1085,1849,2341,2082,09-07-2024
Gujarat,Rajkot,Rajkot,Cotton,Local,1115,5818,7054,6534,09-07-2024
Gujarat,Surat,Surat,Groundnut,Local,236,5157,6357,5766,09-07-2024
Rajasthan,Jodhpur,Jodhpur,Chickpea,Local,1194,4523,5476,4975,09-07-2024
Rajasthan,Jaipur,Jaipur,Bajra,Local,571,2106,2457,2336,09-07-2024
Rajasthan,Kota,Kota,Wheat,Local,755,1944,2226,2112,09-07-2024
Andhra Pradesh,Kurnool,Kurnool,Rice,Local,418,1985,2339,2174,09-07-2024
Andhra Pradesh,Guntur,Guntur,Turmeric,Local,910,8644,10099,9114,09-07-2024
Andhra Pradesh,Guntur,Guntur,Maize,Local,823,1881,2340,2074,09-07-2024
Karnataka,Mysore,Mysore,Tomato,Local,1150,1729,2038,1912,09-07-2024
Karnataka,Bangalore,Bangalore,Chickpea,Local,57,4879,5608,5241,09-07-2024
Karnataka,Hubli,Hubli,Rice,Local,918,2003,2447,2195,09-07-2024
Tamil Nadu,Chennai,Chennai,Maize,Local,281,1736,2080,1949,09-07-2024
Tamil Nadu,Chennai,Chennai,Rice,Local,82,1911,2352,2102,09-07-2024
Tamil Nadu,Madurai,Madurai,Onion,Local,1274,1299,1542,1464,09-07-2024
West Bengal,Kolkata,Kolkata,Rice,Local,494,1860,2194,2048,09-07-2024
West Bengal,Hooghly,Hooghly,Potato,Local,1229,876,989,923,09-07-2024
Bihar,Gaya,Gaya,Rice,Local,502,1742,2171,1957,09-07-2024
Bihar,Gaya,Gaya,Wheat,Local,408,1730,2221,1956,09-07-2024
Maharashtra,Solapur,Solapur,Tomato,Local,702,1873,2265,2021,08-08-2024
Maharashtra,Aurangabad,Aurangabad,Wheat,Local,1151,1867,2273,2097,08-08-2024
Maharashtra,Amravati,Amravati,Chickpea,Local,345,4633,5830,5172,08-08-2024
Uttar Pradesh,Lucknow,Lucknow,Sugarcane,Local,845,2731,3297,3004,08-08-2024
Uttar Pradesh,Kanpur,Kanpur,Wheat,Local,971,1778,2081,1969,08-08-2024
Uttar Pradesh,Varanasi,Varanasi,Potato,Local,599,874,1002,939,08-08-2024
Punjab,Bathinda,Bathinda,Wheat,Local,494,2031,2448,2205,08-08-2024
Punjab,Ludhiana,Ludhiana,Cotton,Local,81,6100,6965,6465,08-08-2024
Punjab,Ludhiana,Ludhiana,Maize,Local,1030,2013,2254,2125,08-08-2024
Haryana,Rohtak,Rohtak,Cotton,Local,1142,6150,7138,6583,08-08-2024
Haryana,Hisar,Hisar,Rice,Local,1068,1895,2312,2109,08-08-2024
Haryana,Karnal,Karnal,Wheat,Local,705,1958,2254,2064,08-08-2024
Madhya Pradesh,Gwalior,Gwalior,Soybean,Local,83,3841,4561,4084,08-08-2024
Madhya Pradesh,Bhopal,Bhopal,Chickpea,Local,654,4693,5681,5096,08-08-2024
Madhya Pradesh,Ujjain,Ujjain,Wheat,Local,553,1773,2179,1979,08-08-2024
Gujarat,Rajkot,Rajkot,Maize,Local,1054,1861,2270,2036,08-08-2024
Gujarat,Rajkot,Rajkot,Cotton,Local,1169,5855,6666,6258,08-08-2024
Gujarat,Surat,Surat,Groundnut,Local,170,5406,6535,5737,08-08-2024
Rajasthan,Jaipur,Jaipur,Bajra,Local,523,2116,2621,2328,08-08-2024
Rajasthan,Jaipur,Jaipur,Chickpea,Local,814,4589,5709,5211,08-08-2024
Rajasthan,Kota,Kota,Soybean,Local,1039,4004,4777,4321,08-08-2024
Andhra Pradesh,Vijayawada,Vijayawada,Maize,Local,612,1799,2081,1979,08-08-2024
Andhra Pradesh,Guntur,Guntur,Rice,Local,1430,1895,2415,2150,08-08-2024
Andhra Pradesh,Vijayawada,Vijayawada,Turmeric,Local,247,8722,9793,9242,08-08-2024
Karnataka,Bangalore,Bangalore,Maize,Local,862,1807,2178,2013,08-08-2024
Karnataka,Bangalore,Bangalore,Tomato,Local,1477,1739,2107,1914,08-08-2024
Karnataka,Bangalore,Bangalore,Chickpea,Local,1380,4827,5441,5146,08-08-2024
Tamil Nadu,Chennai,Chennai,Rice,Local,1489,1836,2226,2010,08-08-2024
Tamil Nadu,Madurai,Madurai,Maize,Local,728,1756,2072,1870,08-08-2024
Tamil Nadu,Chennai,Chennai,Onion,Local,137,1510,1801,1593,08-08-2024
West Bengal,Burdwan,Burdwan,Rice,Local,624,1844,2170,1952,08-08-2024
West Bengal,Kolkata,Kolkata,Potato,Local,694,852,1095,966,08-08-2024
Bihar,Gaya,Gaya,Wheat,Local,207,1865,2178,2006,08-08-2024
Bihar,Gaya,Gaya,Rice,Local,846,1717,2153,1914,08-08-2024
Maharashtra,Latur,Latur,Soybean,Local,747,3873,4787,4253,22-08-2024
Maharashtra,Pune,Pune,Onion,Local,718,1545,1772,1632,22-08-2024
Maharashtra,Nagpur,Nagpur,Chickpea,Local,517,4990,5821,5338,22-08-2024
Uttar Pradesh,Kanpur,Kanpur,Onion,Local,1316,1364,1606,1481,22-08-2024
Uttar Pradesh,Varanasi,Varanasi,Sugarcane,Local,365,2880,3275,3097,22-08-2024
Uttar Pradesh,Kanpur,Kanpur,Rice,Local,698,1888,2281,2043,22-08-2024
Punjab,Ludhiana,Ludhiana,Wheat,Local,259,2031,2493,2229,22-08-2024
Punjab,Bathinda,Bathinda,Cotton,Local,1099,5826,7042,6401,22-08-2024
Punjab,Patiala,Patiala,Maize,Local,1272,1762,2187,1988,22-08-2024
Haryana,Karnal,Karnal,Rice,Local,1195,1979,2362,2118,22-08-2024
Haryana,Hisar,Hisar,Wheat,Local,334,1912,2325,2144,22-08-2024
Haryana,Hisar,Hisar,Cotton,Local,940,5900,6811,6452,22-08-2024
Madhya Pradesh,Ujjain,Ujjain,Soybean,Local,1330,3923,4918,4333,22-08-2024
Madhya Pradesh,Indore,Indore,Chickpea,Local,673,4569,5417,5112,22-08-2024
Madhya Pradesh,Ujjain,Ujjain,Wheat,Local,724,1898,2323,2101,22-08-2024
Gujarat,Rajkot,Rajkot,Cotton,Local,1031,5834,7038,6326,22-08-2024
Gujarat,Surat,Surat,Maize,Local,1473,1763,2095,1942,22-08-2024
Gujarat,Rajkot,Rajkot,Groundnut,Local,820,5413,6304,5882,22-08-2024
Rajasthan,Kota,Kota,Chickpea,Local,418,4741,6044,5303,22-08-2024
Rajasthan,Jaipur,Jaipur,Wheat,Local,1500,1846,2335,2093,22-08-2024
Rajasthan,Kota,Kota,Bajra,Local,887,2043,2524,2269,22-08-2024
Andhra Pradesh,Kurnool,Kurnool,Maize,Local,822,1790,2154,1933,22-08-2024
Andhra Pradesh,Vijayawada,Vijayawada,Rice,Local,1144,1902,2274,2063,22-08-2024
Andhra Pradesh,Guntur,Guntur,Turmeric,Local,125,8776,10144,9327,22-08-2024
Karnataka,Hubli,Hubli,Tomato,Local,140,1772,2170,1958,22-08-2024
Karnataka,Mysore,Mysore,Rice,Local,729,2015,2360,2173,22-08-2024
Karnataka,Hubli,Hubli,Chickpea,Local,1112,4491,5418,5064,22-08-2024
Tamil Nadu,Madurai,Madurai,Onion,Local,1464,1386,1688,1519,22-08-2024
Tamil Nadu,Coimbatore,Coimbatore,Rice,Local,655,1874,2157,1973,22-08-2024
Tamil Nadu,Coimbatore,Coimbatore,Maize,Local,340,1772,2250,2000,22-08-2024
West Bengal,Kolkata,Kolkata,Potato,Local,1025,857,1048,958,22-08-2024
West Bengal,Kolkata,Kolkata,Rice,Local,664,1837,2134,1978,22-08-2024
Bihar,Patna,Patna,Wheat,Local,386,1870,2245,2021,22-08-2024
Bihar,Gaya,Gaya,Rice,Local,923,1810,2127,1970,22-08-2024
Maharashtra,Nashik,Lasalgaon,Jowar,Local,1307,2975,3440,3268,05-09-2024
Maharashtra,Nashik,Lasalgaon,Soybean,Local,489,4168,4811,4580,05-09-2024
Maharashtra,Pune,Pune,Potato,Local,1232,983,1187,1058,05-09-2024
Uttar Pradesh,Meerut,Meerut,Onion,Local,1052,1445,1701,1584,05-09-2024
Uttar Pradesh,Meerut,Meerut,Rice,Local,853,1958,2355,2171,05-09-2024
Uttar Pradesh,Kanpur,Kanpur,Sugarcane,Local,403,2679,3231,2961,05-09-2024
Punjab,Ludhiana,Ludhiana,Wheat,Local,814,2005,2371,2236,05-09-2024
Punjab,Bathinda,Bathinda,Maize,Local,835,1948,2276,2142,05-09-2024
Punjab,Ludhiana,Ludhiana,Cotton,Local,1371,6217,7481,6725,05-09-2024
Haryana,Hisar,Hisar,Cotton,Local,159,5985,7236,6635,05-09-2024
Haryana,Rohtak,Rohtak,Rice,Local,836,2105,2459,2303,05-09-2024
Haryana,Rohtak,Rohtak,Maize,Local,901,1940,2358,2121,05-09-2024
Madhya Pradesh,Indore,Indore,Soybean,Local,648,3767,4776,4270,05-09-2024
Madhya Pradesh,Ujjain,Ujjain,Chickpea,Local,986,4764,5530,5192,05-09-2024
Madhya Pradesh,Gwalior,Gwalior,Wheat,Local,1162,1906,2276,2147,05-09-2024
Gujarat,Ahmedabad,Ahmedabad,Maize,Local,1388,1980,2210,2086,05-09-2024
Gujarat,Ahmedabad,Ahmedabad,Groundnut,Local,763,5735,6583,6037,05-09-2024
Gujarat,Ahmedabad,Ahmedabad,Cotton,Local,535,6331,7466,6667,05-09-2024
Rajasthan,Jaipur,Jaipur,Soybean,Local,473,3865,4642,4344,05-09-2024
Rajasthan,Jodhpur,Jodhpur,Chickpea,Local,394,4927,5928,5371,05-09-2024
Rajasthan,Kota,Kota,Wheat,Local,1103,2020,2471,2243,05-09-2024
Andhra Pradesh,Vijayawada,Vijayawada,Rice,Local,309,2118,2517,2231,05-09-2024
Andhra Pradesh,Vijayawada,Vijayawada,Turmeric,Local,556,8692,10789,9685,05-09-2024
Andhra Pradesh,Guntur,Guntur,Maize,Local,1335,1816,2258,2040,05-09-2024
Karnataka,Hubli,Hubli,Rice,Local,1105,2074,2332,2203,05-09-2024
Karnataka,Mysore,Mysore,Maize,Local,1049,1931,2212,2042,05-09-2024
Karnataka,Hubli,Hubli,Tomato,Local,240,1999,2393,2125,05-09-2024
Tamil Nadu,Coimbatore,Coimbatore,Maize,Local,483,1875,2348,2065,05-09-2024
Tamil Nadu,Chennai,Chennai,Onion,Local,1233,1494,1721,1593,05-09-2024
Tamil Nadu,Chennai,Chennai,Rice,Local,1447,1943,2298,2126,05-09-2024
West Bengal,Hooghly,Hooghly,Rice,Local,373,1964,2201,2093,05-09-2024
West Bengal,Kolkata,Kolkata,Potato,Local,1460,959,1099,1010,05-09-2024
Bihar,Gaya,Gaya,Rice,Local,788,1988,2235,2112,05-09-2024
Bihar,Gaya,Gaya,Wheat,Local,156,1857,2221,2004,05-09-2024
Maharashtra,Latur,Latur,Sugarcane,Local,321,2873,3568,3265,12-09-2024
Maharashtra,Nagpur,Nagpur,Jowar,Local,1474,2932,3322,3161,12-09-2024
Maharashtra,Aurangabad,Aurangabad,Onion,Local,320,1644,1884,1732,12-09-2024
Uttar Pradesh,Kanpur,Kanpur,Wheat,Local,802,1917,2168,2047,12-09-2024
Uttar Pradesh,Lucknow,Lucknow,Rice,Local,322,1899,2272,2033,12-09-2024
Uttar Pradesh,Varanasi,Varanasi,Sugarcane,Local,386,2712,3260,2950,12-09-2024
Punjab,Bathinda,Bathinda,Maize,Local,1456,1925,2350,2162,12-09-2024
Punjab,Bathinda,Bathinda,Cotton,Local,302,6288,7516,7097,12-09-2024
Punjab,Patiala,Patiala,Wheat,Local,557,2041,2515,2243,12-09-2024
Haryana,Hisar,Hisar,Wheat,Local,1398,2133,2588,2298,12-09-2024
Haryana,Hisar,Hisar,Rice,Local,852,2003,2316,2171,12-09-2024
Haryana,Hisar,Hisar,Cotton,Local,540,6462,7751,6912,12-09-2024
Madhya Pradesh,Gwalior,Gwalior,Soybean,Local,74,4072,4849,4418,12-09-2024
Madhya Pradesh,Ujjain,Ujjain,Wheat,Local,1214,1968,2495,2213,12-09-2024
Madhya Pradesh,Indore,Indore,Chickpea,Local,199,4853,5852,5231,12-09-2024
Gujarat,Surat,Surat,Maize,Local,865,1800,2152,2039,12-09-2024
Gujarat,Surat,Surat,Groundnut,Local,917,5609,6750,6032,12-09-2024
Gujarat,Rajkot,Rajkot,Cotton,Local,362,6147,7301,6647,12-09-2024
Rajasthan,Jodhpur,Jodhpur,Bajra,Local,1148,2127,2671,2379,12-09-2024
Rajasthan,Kota,Kota,Wheat,Local,1444,1980,2410,2142,12-09-2024
Rajasthan,Jaipur,Jaipur,Chickpea,Local,538,4789,5753,5156,12-09-2024
Andhra Pradesh,Vijayawada,Vijayawada,Rice,Local,1414,1931,2207,2092,12-09-2024
Andhra Pradesh,Vijayawada,Vijayawada,Turmeric,Local,331,8502,10015,9528,12-09-2024
Andhra Pradesh,Vijayawada,Vijayawada,Maize,Local,1109,1809,2139,1978,12-09-2024
Karnataka,Bangalore,Bangalore,Chickpea,Local,291,4942,5679,5287,12-09-2024
Karnataka,Hubli,Hubli,Tomato,Local,588,1896,2285,2083,12-09-2024
Karnataka,Mysore,Mysore,Maize,Local,1096,1994,2362,2158,12-09-2024
Tamil Nadu,Madurai,Madurai,Rice,Local,1225,1879,2217,2093,12-09-2024
Tamil Nadu,Chennai,Chennai,Maize,Local,140,1839,2250,2053,12-09-2024
Tamil Nadu,Chennai,Chennai,Onion,Local,357,1452,1724,1590,12-09-2024
West Bengal,Hooghly,Hooghly,Rice,Local,705,1818,2294,2026,12-09-2024
West Bengal,Kolkata,Kolkata,Potato,Local,1428,957,1103,1040,12-09-2024
Bihar,Gaya,Gaya,Wheat,Local,191,2015,2413,2124,12-09-2024
Bihar,Gaya,Gaya,Rice,Local,226,1971,2275,2110,12-09-2024
Maharashtra,Nagpur,Nagpur,Chickpea,Local,1000,4986,6119,5532,19-09-2024
Maharashtra,Solapur,Solapur,Sugarcane,Local,450,2960,3624,3237,19-09-2024
Maharashtra,Aurangabad,Aurangabad,Cotton,Local,63,6516,7485,6982,19-09-2024
Uttar Pradesh,Agra,Agra,Wheat,Local,736,1963,2361,2091,19-09-2024
Uttar Pradesh,Agra,Agra,Rice,Local,679,1937,2386,2137,19-09-2024
Uttar Pradesh,Lucknow,Lucknow,Potato,Local,172,949,1088,1000,19-09-2024
Punjab,Patiala,Patiala,Maize,Local,1485,2085,2426,2212,19-09-2024
Punjab,Ludhiana,Ludhiana,Wheat,Local,1085,2109,2493,2262,19-09-2024
Punjab,Bathinda,Bathinda,Cotton,Local,177,6330,7694,6974,19-09-2024
Haryana,Rohtak,Rohtak,Cotton,Local,1485,6045,7519,6701,19-09-2024
Haryana,Karnal,Karnal,Wheat,Local,465,2021,2374,2217,19-09-2024
Haryana,Hisar,Hisar,Rice,Local,386,2093,2418,2273,19-09-2024
Madhya Pradesh,Gwalior,Gwalior,Soybean,Local,975,3877,4795,4284,19-09-2024
Madhya Pradesh,Gwalior,Gwalior,Chickpea,Local,1455,4954,5579,5272,19-09-2024
Madhya Pradesh,Bhopal,Bhopal,Wheat,Local,721,2039,2313,2195,19-09-2024
Gujarat,Ahmedabad,Ahmedabad,Groundnut,Local,406,5377,6554,6086,19-09-2024
Gujarat,Ahmedabad,Ahmedabad,Maize,Local,1176,2024,2369,2154,19-09-2024
Gujarat,Ahmedabad,Ahmedabad,Cotton,Local,298,5750,7269,6482,19-09-2024
Rajasthan,Jaipur,Jaipur,Bajra,Local,1370,2107,2579,2320,19-09-2024
Rajasthan,Jaipur,Jaipur,Chickpea,Local,94,4829,6039,5377,19-09-2024
Rajasthan,Jodhpur,Jodhpur,Soybean,Local,238,4029,4890,4355,19-09-2024
Andhra Pradesh,Guntur,Guntur,Rice,Local,858,1966,2266,2081,19-09-2024
Andhra Pradesh,Kurnool,Kurnool,Turmeric,Local,489,8401,9649,9055,19-09-2024
Andhra Pradesh,Vijayawada,Vijayawada,Maize,Local,1307,1842,2149,2021,19-09-2024
Karnataka,Mysore,Mysore,Maize,Local,229,1957,2271,2078,19-09-2024
Karnataka,Bangalore,Bangalore,Chickpea,Local,1126,4909,5980,5398,19-09-2024
Karnataka,Hubli,Hubli,Rice,Local,833,2062,2471,2203,19-09-2024
Tamil Nadu,Chennai,Chennai,Maize,Local,603,1832,2149,1992,19-09-2024
Tamil Nadu,Chennai,Chennai,Onion,Local,625,1439,1643,1561,19-09-2024
Tamil Nadu,Chennai,Chennai,Rice,Local,1246,1979,2345,2167,19-09-2024
West Bengal,Kolkata,Kolkata,Rice,Local,164,1821,2229,2030,19-09-2024
West Bengal,Kolkata,Kolkata,Potato,Local,405,968,1107,1020,19-09-2024
Bihar,Gaya,Gaya,Wheat,Local,107,1973,2405,2124,19-09-2024
Bihar,Gaya,Gaya,Rice,Local,435,1953,2338,2124,19-09-2024
Maharashtra,Latur,Latur,Cotton,Local,90,5817,7266,6581,19-10-2024
Maharashtra,Nagpur,Nagpur,Soybean,Local,317,4231,5177,4684,19-10-2024
Maharashtra,Pune,Pune,Tomato,Local,712,2156,2571,2283,19-10-2024
Uttar Pradesh,Kanpur,Kanpur,Wheat,Local,1127,1974,2351,2218,19-10-2024
Uttar Pradesh,Meerut,Meerut,Rice,Local,860,1987,2489,2193,19-10-2024
Uttar Pradesh,Varanasi,Varanasi,Potato,Local,372,931,1097,1033,19-10-2024
Punjab,Patiala,Patiala,Cotton,Local,1306,6432,7549,6786,19-10-2024
Punjab,Patiala,Patiala,Maize,Local,678,1968,2277,2136,19-10-2024
Punjab,Bathinda,Bathinda,Rice,Local,1223,2048,2498,2200,19-10-2024
Haryana,Karnal,Karnal,Wheat,Local,1208,2271,2563,2396,19-10-2024
Haryana,Hisar,Hisar,Rice,Local,537,2068,2596,2324,19-10-2024
Haryana,Rohtak,Rohtak,Cotton,Local,231,6391,8096,7167,19-10-2024
Madhya Pradesh,Gwalior,Gwalior,Chickpea,Local,767,4591,5709,5132,19-10-2024
Madhya Pradesh,Ujjain,Ujjain,Soybean,Local,947,4291,4863,4612,19-10-2024
Madhya Pradesh,Gwalior,Gwalior,Wheat,Local,825,2155,2504,2288,19-10-2024
Gujarat,Ahmedabad,Ahmedabad,Maize,Local,1457,2036,2399,2177,19-10-2024
Gujarat,Ahmedabad,Ahmedabad,Cotton,Local,653,5828,7414,6584,19-10-2024
Gujarat,Rajkot,Rajkot,Groundnut,Local,398,5842,6521,6171,19-10-2024
Rajasthan,Kota,Kota,Wheat,Local,1266,2108,2367,2236,19-10-2024
Rajasthan,Jaipur,Jaipur,Soybean,Local,1388,4365,5114,4697,19-10-2024
Rajasthan,Jaipur,Jaipur,Bajra,Local,728,2227,2580,2446,19-10-2024
Andhra Pradesh,Vijayawada,Vijayawada,Rice,Local,854,1989,2337,2208,19-10-2024
Andhra Pradesh,Guntur,Guntur,Maize,Local,57,1927,2224,2108,19-10-2024
Andhra Pradesh,Kurnool,Kurnool,Turmeric,Local,1033,8795,10377,9380,19-10-2024
Karnataka,Mysore,Mysore,Tomato,Local,286,1948,2287,2163,19-10-2024
Karnataka,Bangalore,Bangalore,Rice,Local,592,2056,2546,2252,19-10-2024
Karnataka,Mysore,Mysore,Chickpea,Local,831,5050,6031,5567,19-10-2024
Tamil Nadu,Madurai,Madurai,Rice,Local,600,1913,2243,2096,19-10-2024
Tamil Nadu,Madurai,Madurai,Maize,Local,225,1852,2205,1986,19-10-2024
Tamil Nadu,Chennai,Chennai,Onion,Local,1257,1599,1981,1742,19-10-2024
West Bengal,Burdwan,Burdwan,Rice,Local,1022,1951,2357,2146,19-10-2024
West Bengal,Burdwan,Burdwan,Potato,Local,121,994,1150,1088,19-10-2024
Bihar,Patna,Patna,Wheat,Local,392,2018,2514,2214,19-10-2024
Bihar,Gaya,Gaya,Rice,Local,1449,1886,2309,2122,19-10-2024
Maharashtra,Latur,Latur,Soybean,Local,844,4666,5220,4943,02-11-2024
Maharashtra,Amravati,Amravati,Cotton,Local,988,6241,7430,6913,02-11-2024
Maharashtra,Pune,Pune,Chickpea,Local,909,5062,6010,5449,02-11-2024
Uttar Pradesh,Agra,Agra,Sugarcane,Local,255,2856,3526,3102,02-11-2024
Uttar Pradesh,Kanpur,Kanpur,Rice,Local,1146,1904,2309,2146,02-11-2024
Uttar Pradesh,Meerut,Meerut,Wheat,Local,1221,2060,2543,2293,02-11-2024
Punjab,Bathinda,Bathinda,Cotton,Local,1470,6213,7711,6980,02-11-2024
Punjab,Amritsar,Amritsar,Wheat,Local,536,2166,2483,2299,02-11-2024
Punjab,Patiala,Patiala,Maize,Local,91,2145,2568,2271,02-11-2024
Haryana,Karnal,Karnal,Maize,Local,516,2131,2520,2267,02-11-2024
Haryana,Hisar,Hisar,Cotton,Local,707,6456,7756,6927,02-11-2024
Haryana,Karnal,Karnal,Rice,Local,954,2130,2443,2309,02-11-2024
Madhya Pradesh,Ujjain,Ujjain,Soybean,Local,687,4320,5019,4716,02-11-2024
Madhya Pradesh,Bhopal,Bhopal,Chickpea,Local,109,4969,5972,5289,02-11-2024
Madhya Pradesh,Indore,Indore,Wheat,Local,560,2059,2469,2194,02-11-2024
Gujarat,Rajkot,Rajkot,Cotton,Local,1084,6308,7886,7015,02-11-2024
Gujarat,Rajkot,Rajkot,Groundnut,Local,812,5737,6797,6456,02-11-2024
Gujarat,Surat,Surat,Maize,Local,1251,1945,2460,2180,02-11-2024
Rajasthan,Jodhpur,Jodhpur,Soybean,Local,235,4285,5366,4771,02-11-2024
Rajasthan,Jaipur,Jaipur,Wheat,Local,488,1931,2463,2186,02-11-2024
Rajasthan,Kota,Kota,Bajra,Local,888,2321,2689,2503,02-11-2024
Andhra Pradesh,Kurnool,Kurnool,Rice,Local,67,2104,2511,2274,02-11-2024
Andhra Pradesh,Guntur,Guntur,Turmeric,Local,1366,9170,10552,9793,02-11-2024
Andhra Pradesh,Kurnool,Kurnool,Maize,Local,566,1930,2302,2129,02-11-2024
Karnataka,Hubli,Hubli,Rice,Local,816,1971,2552,2239,02-11-2024
Karnataka,Mysore,Mysore,Maize,Local,271,2020,2357,2189,02-11-2024
Karnataka,Mysore,Mysore,Chickpea,Local,617,5144,6002,5419,02-11-2024
Tamil Nadu,Coimbatore,Coimbatore,Onion,Local,1278,1680,2036,1800,02-11-2024
Tamil Nadu,Coimbatore,Coimbatore,Maize,Local,1392,1972,2370,2126,02-11-2024
Tamil Nadu,Madurai,Madurai,Rice,Local,845,2015,2441,2244,02-11-2024
West Bengal,Hooghly,Hooghly,Rice,Local,1357,1941,2320,2087,02-11-2024
West Bengal,Burdwan,Burdwan,Potato,Local,398,1041,1230,1123,02-11-2024
Bihar,Patna,Patna,Wheat,Local,1194,1876,2265,2110,02-11-2024
Bihar,Gaya,Gaya,Rice,Local,505,2042,2402,2166,02-11-2024
Maharashtra,Aurangabad,Aurangabad,Cotton,Local,291,6354,7532,6899,16-11-2024
Maharashtra,Pune,Pune,Jowar,Local,1321,2967,3538,3210,16-11-2024
Maharashtra,Aurangabad,Aurangabad,Chickpea,Local,1444,5056,6002,5658,16-11-2024
Uttar Pradesh,Kanpur,Kanpur,Onion,Local,460,1662,1878,1768,16-11-2024
Uttar Pradesh,Lucknow,Lucknow,Potato,Local,987,1004,1235,1091,16-11-2024
Uttar Pradesh,Kanpur,Kanpur,Rice,Local,1048,1957,2357,2104,16-11-2024
Punjab,Ludhiana,Ludhiana,Rice,Local,395,1977,2460,2199,16-11-2024
Punjab,Bathinda,Bathinda,Cotton,Local,1308,6628,7512,7101,16-11-2024
Punjab,Amritsar,Amritsar,Wheat,Local,835,2191,2742,2412,16-11-2024
Haryana,Karnal,Karnal,Wheat,Local,1137,2278,2721,2407,16-11-2024
Haryana,Rohtak,Rohtak,Maize,Local,513,1867,2367,2121,16-11-2024
Haryana,Rohtak,Rohtak,Rice,Local,1080,2107,2474,2336,16-11-2024
Madhya Pradesh,Gwalior,Gwalior,Soybean,Local,1115,4249,5076,4717,16-11-2024
Madhya Pradesh,Gwalior,Gwalior,Wheat,Local,1053,2076,2376,2237,16-11-2024
Madhya Pradesh,Indore,Indore,Chickpea,Local,876,4954,6288,5557,16-11-2024
Gujarat,Rajkot,Rajkot,Groundnut,Local,302,5501,6835,6240,16-11-2024
Gujarat,Rajkot,Rajkot,Maize,Local,1361,2058,2384,2200,16-11-2024
Gujarat,Surat,Surat,Cotton,Local,148,6513,7782,7052,16-11-2024
Rajasthan,Kota,Kota,Bajra,Local,303,2118,2600,2385,16-11-2024
Rajasthan,Kota,Kota,Soybean,Local,1454,4230,4865,4553,16-11-2024
Rajasthan,Jodhpur,Jodhpur,Chickpea,Local,1115,4808,5599,5287,16-11-2024
Andhra Pradesh,Guntur,Guntur,Turmeric,Local,291,9100,11431,10255,16-11-2024
Andhra Pradesh,Guntur,Guntur,Rice,Local,459,1894,2279,2134,16-11-2024
Andhra Pradesh,Guntur,Guntur,Maize,Local,889,2085,2380,2199,16-11-2024
Karnataka,Bangalore,Bangalore,Maize,Local,530,2074,2442,2234,16-11-2024
Karnataka,Hubli,Hubli,Tomato,Local,1225,1987,2376,2242,16-11-2024
Karnataka,Hubli,Hubli,Rice,Local,203,2104,2490,2223,16-11-2024
Tamil Nadu,Coimbatore,Coimbatore,Onion,Local,590,1709,2133,1874,16-11-2024
Tamil Nadu,Coimbatore,Coimbatore,Rice,Local,645,1949,2348,2080,16-11-2024
Tamil Nadu,Chennai,Chennai,Maize,Local,244,1939,2400,2150,16-11-2024
West Bengal,Burdwan,Burdwan,Rice,Local,946,1910,2317,2141,16-11-2024
West Bengal,Kolkata,Kolkata,Potato,Local,751,995,1157,1068,16-11-2024
Bihar,Gaya,Gaya,Wheat,Local,1462,1973,2434,2163,16-11-2024
Bihar,Patna,Patna,Rice,Local,281,1982,2403,2142,16-11-2024
Maharashtra,Nashik,Lasalgaon,Soybean,Local,947,4517,5443,4943,23-11-2024
Maharashtra,Amravati,Amravati,Onion,Local,1451,1818,2149,1945,23-11-2024
Maharashtra,Pune,Pune,Jowar,Local,1049,3195,3707,3390,23-11-2024
Uttar Pradesh,Meerut,Meerut,Sugarcane,Local,1438,2757,3130,2978,23-11-2024
Uttar Pradesh,Kanpur,Kanpur,Onion,Local,1421,1724,2062,1873,23-11-2024
Uttar Pradesh,Lucknow,Lucknow,Wheat,Local,936,2070,2466,2230,23-11-2024
Punjab,Amritsar,Amritsar,Cotton,Local,1305,6479,7808,6908,23-11-2024
Punjab,Bathinda,Bathinda,Rice,Local,1011,2080,2410,2200,23-11-2024
Punjab,Patiala,Patiala,Maize,Local,543,2031,2510,2294,23-11-2024
Haryana,Hisar,Hisar,Maize,Local,211,2008,2489,2215,23-11-2024
Haryana,Hisar,Hisar,Wheat,Local,1070,2165,2489,2353,23-11-2024
Haryana,Karnal,Karnal,Rice,Local,86,2119,2496,2234,23-11-2024
Madhya Pradesh,Gwalior,Gwalior,Soybean,Local,1287,4065,4888,4619,23-11-2024
Madhya Pradesh,Gwalior,Gwalior,Chickpea,Local,984,5165,6230,5618,23-11-2024
Madhya Pradesh,Gwalior,Gwalior,Wheat,Local,980,1966,2381,2225,23-11-2024
Gujarat,Ahmedabad,Ahmedabad,Maize,Local,504,1954,2461,2201,23-11-2024
Gujarat,Surat,Surat,Cotton,Local,647,6393,7747,6815,23-11-2024
Gujarat,Rajkot,Rajkot,Groundnut,Local,386,5945,6744,6398,23-11-2024
Rajasthan,Jaipur,Jaipur,Wheat,Local,854,2031,2348,2201,23-11-2024
Rajasthan,Jodhpur,Jodhpur,Soybean,Local,270,4327,5159,4629,23-11-2024
Rajasthan,Jodhpur,Jodhpur,Chickpea,Local,302,4903,5890,5304,23-11-2024
Andhra Pradesh,Vijayawada,Vijayawada,Maize,Local,936,1916,2262,2057,23-11-2024
Andhra Pradesh,Vijayawada,Vijayawada,Rice,Local,412,2013,2491,2199,23-11-2024
Andhra Pradesh,Vijayawada,Vijayawada,Turmeric,Local,843,9362,10673,10054,23-11-2024
Karnataka,Mysore,Mysore,Chickpea,Local,558,5146,6205,5578,23-11-2024
Karnataka,Bangalore,Bangalore,Rice,Local,323,1994,2375,2206,23-11-2024
Karnataka,Hubli,Hubli,Maize,Local,662,1995,2400,2148,23-11-2024
Tamil Nadu,Madurai,Madurai,Onion,Local,757,1670,1946,1808,23-11-2024
Tamil Nadu,Madurai,Madurai,Maize,Local,414,1894,2318,2037,23-11-2024
Tamil Nadu,Madurai,Madurai,Rice,Local,771,2002,2412,2165,23-11-2024
West Bengal,Kolkata,Kolkata,Potato,Local,915,1040,1211,1103,23-11-2024
West Bengal,Kolkata,Kolkata,Rice,Local,1422,1868,2252,2118,23-11-2024
Bihar,Patna,Patna,Wheat,Local,563,1982,2393,2224,23-11-2024
Bihar,Patna,Patna,Rice,Local,1158,1995,2314,2149,23-11-2024
Maharashtra,Nagpur,Nagpur,Tomato,Local,1475,2208,2573,2402,30-11-2024
Maharashtra,Amravati,Amravati,Onion,Local,903,1729,2123,1958,30-11-2024
Maharashtra,Solapur,Solapur,Sugarcane,Local,76,3038,3705,3369,30-11-2024
Uttar Pradesh,Kanpur,Kanpur,Potato,Local,511,1063,1233,1131,30-11-2024
Uttar Pradesh,Kanpur,Kanpur,Rice,Local,446,2001,2406,2179,30-11-2024
Uttar Pradesh,Meerut,Meerut,Onion,Local,405,1733,1930,1826,30-11-2024
Punjab,Patiala,Patiala,Wheat,Local,1246,2181,2519,2373,30-11-2024
Punjab,Ludhiana,Ludhiana,Rice,Local,131,2007,2494,2199,30-11-2024
Punjab,Patiala,Patiala,Cotton,Local,1330,6776,8230,7351,30-11-2024
Haryana,Rohtak,Rohtak,Rice,Local,426,2036,2403,2190,30-11-2024
Haryana,Hisar,Hisar,Maize,Local,1149,1950,2316,2130,30-11-2024
Haryana,Hisar,Hisar,Cotton,Local,729,6097,7280,6809,30-11-2024
Madhya Pradesh,Indore,Indore,Soybean,Local,1199,4399,5206,4764,30-11-2024
Madhya Pradesh,Bhopal,Bhopal,Chickpea,Local,1365,4774,5658,5280,30-11-2024
Madhya Pradesh,Ujjain,Ujjain,Wheat,Local,282,2164,2516,2332,30-11-2024
Gujarat,Rajkot,Rajkot,Cotton,Local,1091,6684,7726,7129,30-11-2024
Gujarat,Surat,Surat,Maize,Local,706,1947,2396,2161,30-11-2024
Gujarat,Surat,Surat,Groundnut,Local,1151,5475,7023,6174,30-11-2024
Rajasthan,Jodhpur,Jodhpur,Bajra,Local,1453,2233,2584,2417,30-11-2024
Rajasthan,Kota,Kota,Soybean,Local,941,4266,5364,4770,30-11-2024
Rajasthan,Jodhpur,Jodhpur,Chickpea,Local,98,4994,6274,5643,30-11-2024
Andhra Pradesh,Kurnool,Kurnool,Turmeric,Local,1192,8538,10835,9661,30-11-2024
Andhra Pradesh,Guntur,Guntur,Maize,Local,844,1931,2313,2155,30-11-2024
Andhra Pradesh,Kurnool,Kurnool,Rice,Local,1428,2025,2340,2225,30-11-2024
Karnataka,Mysore,Mysore,Tomato,Local,198,2193,2650,2381,30-11-2024
Karnataka,Hubli,Hubli,Chickpea,Local,667,5153,6509,5807,30-11-2024
Karnataka,Hubli,Hubli,Rice,Local,859,2007,2342,2150,30-11-2024
Tamil Nadu,Coimbatore,Coimbatore,Rice,Local,1167,1925,2348,2164,30-11-2024
Tamil Nadu,Coimbatore,Coimbatore,Maize,Local,1376,1937,2417,2176,30-11-2024
Tamil Nadu,Chennai,Chennai,Onion,Local,339,1691,2167,1920,30-11-2024
West Bengal,Hooghly,Hooghly,Rice,Local,224,1930,2337,2126,30-11-2024
West Bengal,Hooghly,Hooghly,Potato,Local,483,990,1184,1062,30-11-2024
Bihar,Patna,Patna,Wheat,Local,284,1962,2280,2125,30-11-2024
Bihar,Gaya,Gaya,Rice,Local,1174,1950,2236,2120,30-11-2024
Maharashtra,Nagpur,Nagpur,Onion,Local,727,1737,2142,1943,30-12-2024
Maharashtra,Pune,Pune,Cotton,Local,1318,6324,7233,6830,30-12-2024
Maharashtra,Solapur,Solapur,Turmeric,Local,1312,9673,11692,10721,30-12-2024
Uttar Pradesh,Agra,Agra,Potato,Local,395,1045,1268,1116,30-12-2024
Uttar Pradesh,Varanasi,Varanasi,Rice,Local,1362,2006,2390,2145,30-12-2024
Uttar Pradesh,Varanasi,Varanasi,Onion,Local,729,1676,2058,1852,30-12-2024
Punjab,Amritsar,Amritsar,Cotton,Local,1372,6705,7774,7335,30-12-2024
Punjab,Ludhiana,Ludhiana,Rice,Local,1153,2255,2549,2399,30-12-2024
Punjab,Amritsar,Amritsar,Maize,Local,204,2079,2333,2207,30-12-2024
Haryana,Rohtak,Rohtak,Wheat,Local,583,2203,2593,2462,30-12-2024
Haryana,Hisar,Hisar,Maize,Local,354,2109,2548,2298,30-12-2024
Haryana,Karnal,Karnal,Cotton,Local,645,6641,7773,7047,30-12-2024
Madhya Pradesh,Bhopal,Bhopal,Soybean,Local,1307,4045,4921,4593,30-12-2024
Madhya Pradesh,Bhopal,Bhopal,Wheat,Local,1209,2082,2491,2340,30-12-2024
Madhya Pradesh,Ujjain,Ujjain,Chickpea,Local,498,5171,6125,5659,30-12-2024
Gujarat,Rajkot,Rajkot,Groundnut,Local,789,5635,6820,6382,30-12-2024
Gujarat,Rajkot,Rajkot,Maize,Local,1378,1987,2297,2179,30-12-2024
Gujarat,Surat,Surat,Cotton,Local,610,6397,7471,6749,30-12-2024
Rajasthan,Kota,Kota,Soybean,Local,209,4210,5122,4644,30-12-2024
Rajasthan,Jodhpur,Jodhpur,Chickpea,Local,881,5214,5885,5500,30-12-2024
Rajasthan,Jaipur,Jaipur,Bajra,Local,1287,2339,2901,2587,30-12-2024
Andhra Pradesh,Kurnool,Kurnool,Turmeric,Local,483,8777,10983,9913,30-12-2024
Andhra Pradesh,Vijayawada,Vijayawada,Rice,Local,292,1982,2440,2189,30-12-2024
Andhra Pradesh,Vijayawada,Vijayawada,Maize,Local,1036,1982,2359,2116,30-12-2024
Karnataka,Bangalore,Bangalore,Rice,Local,549,2113,2483,2284,30-12-2024
Karnataka,Bangalore,Bangalore,Maize,Local,1099,1954,2252,2120,30-12-2024
Karnataka,Hubli,Hubli,Tomato,Local,418,2183,2611,2452,30-12-2024
Tamil Nadu,Coimbatore,Coimbatore,Maize,Local,1015,1966,2426,2196,30-12-2024
Tamil Nadu,Chennai,Chennai,Rice,Local,1243,2009,2365,2142,30-12-2024
Tamil Nadu,Coimbatore,Coimbatore,Onion,Local,1454,1762,2049,1924,30-12-2024
West Bengal,Burdwan,Burdwan,Potato,Local,464,975,1139,1075,30-12-2024
West Bengal,Burdwan,Burdwan,Rice,Local,356,2030,2413,2218,30-12-2024
Bihar,Patna,Patna,Wheat,Local,1138,2048,2338,2219,30-12-2024
Bihar,Patna,Patna,Rice,Local,1154,1912,2335,2064,30-12-2024
Maharashtra,Amravati,Amravati,Potato,Local,1037,1127,1320,1213,13-01-2025
Maharashtra,Latur,Latur,Jowar,Local,1476,3137,3893,3468,13-01-2025
Maharashtra,Amravati,Amravati,Chickpea,Local,526,5024,6174,5649,13-01-2025
Uttar Pradesh,Meerut,Meerut,Wheat,Local,64,2145,2519,2361,13-01-2025
Uttar Pradesh,Kanpur,Kanpur,Potato,Local,470,1028,1216,1122,13-01-2025
Uttar Pradesh,Kanpur,Kanpur,Sugarcane,Local,1248,2746,3367,3094,13-01-2025
Punjab,Ludhiana,Ludhiana,Maize,Local,863,2107,2601,2283,13-01-2025
Punjab,Bathinda,Bathinda,Cotton,Local,808,6663,7793,7127,13-01-2025
Punjab,Bathinda,Bathinda,Rice,Local,1494,2044,2451,2267,13-01-2025
Haryana,Karnal,Karnal,Cotton,Local,381,6606,8068,7249,13-01-2025
Haryana,Rohtak,Rohtak,Maize,Local,1177,1996,2375,2198,13-01-2025
Haryana,Karnal,Karnal,Wheat,Local,1352,2298,2631,2472,13-01-2025
Madhya Pradesh,Gwalior,Gwalior,Wheat,Local,504,2180,2528,2394,13-01-2025
Madhya Pradesh,Gwalior,Gwalior,Chickpea,Local,870,4784,5878,5420,13-01-2025
Madhya Pradesh,Ujjain,Ujjain,Soybean,Local,408,4395,5412,4768,13-01-2025
Gujarat,Ahmedabad,Ahmedabad,Cotton,Local,448,6772,7857,7165,13-01-2025
Gujarat,Ahmedabad,Ahmedabad,Groundnut,Local,1309,6040,7340,6596,13-01-2025
Gujarat,Ahmedabad,Ahmedabad,Maize,Local,372,2025,2481,2237,13-01-2025
Rajasthan,Kota,Kota,Soybean,Local,81,4360,5127,4800,13-01-2025
Rajasthan,Kota,Kota,Wheat,Local,1195,2245,2613,2377,13-01-2025
Rajasthan,Jaipur,Jaipur,Chickpea,Local,1291,5302,6015,5596,13-01-2025
Andhra Pradesh,Vijayawada,Vijayawada,Maize,Local,198,1946,2270,2142,13-01-2025
Andhra Pradesh,Vijayawada,Vijayawada,Turmeric,Local,577,9479,11242,10017,13-01-2025
Andhra Pradesh,Vijayawada,Vijayawada,Rice,Local,822,2097,2535,2279,13-01-2025
Karnataka,Bangalore,Bangalore,Rice,Local,1251,2124,2542,2329,13-01-2025
Karnataka,Hubli,Hubli,Tomato,Local,501,2152,2598,2396,13-01-2025
Karnataka,Hubli,Hubli,Maize,Local,773,2098,2436,2241,13-01-2025
Tamil Nadu,Chennai,Chennai,Onion,Local,750,1685,2111,1901,13-01-2025
Tamil Nadu,Madurai,Madurai,Rice,Local,497,1954,2360,2189,13-01-2025
Tamil Nadu,Coimbatore,Coimbatore,Maize,Local,439,1988,2335,2101,13-01-2025
West Bengal,Kolkata,Kolkata,Rice,Local,465,2047,2324,2175,13-01-2025
West Bengal,Kolkata,Kolkata,Potato,Local,295,1031,1276,1139,13-01-2025
Bihar,Gaya,Gaya,Rice,Local,1037,1980,2273,2157,13-01-2025
Bihar,Gaya,Gaya,Wheat,Local,1226,2072,2580,2266,13-01-2025
Maharashtra,Amravati,Amravati,Soybean,Local,1126,4513,5138,4840,27-01-2025
Maharashtra,Aurangabad,Aurangabad,Potato,Local,761,1108,1233,1171,27-01-2025
Maharashtra,Solapur,Solapur,Cotton,Local,296,6766,7902,7242,27-01-2025
Uttar Pradesh,Agra,Agra,Onion,Local,1239,1718,2084,1950,27-01-2025
Uttar Pradesh,Kanpur,Kanpur,Sugarcane,Local,1173,2836,3298,3073,27-01-2025
Uttar Pradesh,Lucknow,Lucknow,Rice,Local,799,1928,2334,2112,27-01-2025
Punjab,Patiala,Patiala,Cotton,Local,870,6651,7722,7131,27-01-2025
Punjab,Ludhiana,Ludhiana,Rice,Local,1454,2119,2621,2303,27-01-2025
Punjab,Bathinda,Bathinda,Wheat,Local,1187,2344,2827,2519,27-01-2025
Haryana,Karnal,Karnal,Rice,Local,69,2185,2562,2345,27-01-2025
Haryana,Rohtak,Rohtak,Wheat,Local,1341,2151,2733,2418,27-01-2025
Haryana,Rohtak,Rohtak,Maize,Local,563,2035,2468,2256,27-01-2025
Madhya Pradesh,Ujjain,Ujjain,Chickpea,Local,570,4839,5805,5428,27-01-2025
Madhya Pradesh,Gwalior,Gwalior,Wheat,Local,582,2109,2656,2378,27-01-2025
Madhya Pradesh,Indore,Indore,Soybean,Local,754,4261,5206,4636,27-01-2025
Gujarat,Surat,Surat,Cotton,Local,1229,6798,7662,7175,27-01-2025
Gujarat,Rajkot,Rajkot,Groundnut,Local,777,5824,7312,6527,27-01-2025
Gujarat,Rajkot,Rajkot,Maize,Local,210,2044,2496,2236,27-01-2025
Rajasthan,Kota,Kota,Soybean,Local,913,4510,5527,4876,27-01-2025
Rajasthan,Jaipur,Jaipur,Wheat,Local,212,2144,2671,2360,27-01-2025
Rajasthan,Kota,Kota,Bajra,Local,597,2247,2762,2491,27-01-2025
Andhra Pradesh,Vijayawada,Vijayawada,Turmeric,Local,1252,9815,11913,10501,27-01-2025
Andhra Pradesh,Kurnool,Kurnool,Maize,Local,97,2059,2416,2265,27-01-2025
Andhra Pradesh,Vijayawada,Vijayawada,Rice,Local,1485,2097,2569,2264,27-01-2025
Karnataka,Hubli,Hubli,Tomato,Local,1019,2110,2700,2380,27-01-2025
Karnataka,Bangalore,Bangalore,Rice,Local,220,2023,2376,2166,27-01-2025
Karnataka,Mysore,Mysore,Chickpea,Local,848,5051,6288,5670,27-01-2025
Tamil Nadu,Chennai,Chennai,Rice,Local,399,1928,2380,2169,27-01-2025
Tamil Nadu,Coimbatore,Coimbatore,Onion,Local,1025,1691,2115,1868,27-01-2025
Tamil Nadu,Chennai,Chennai,Maize,Local,961,2039,2388,2222,27-01-2025
West Bengal,Burdwan,Burdwan,Rice,Local,1122,1994,2374,2157,27-01-2025
West Bengal,Kolkata,Kolkata,Potato,Local,1155,1011,1212,1121,27-01-2025
Bihar,Patna,Patna,Wheat,Local,71,2009,2351,2210,27-01-2025
Bihar,Gaya,Gaya,Rice,Local,637,1974,2248,2116,27-01-2025
Maharashtra,Nashik,Lasalgaon,Wheat,Local,1272,2256,2710,2416,26-02-2025
Maharashtra,Aurangabad,Aurangabad,Tomato,Local,1198,2321,2696,2527,26-02-2025
Maharashtra,Amravati,Amravati,Potato,Local,848,1061,1328,1190,26-02-2025
Uttar Pradesh,Kanpur,Kanpur,Sugarcane,Local,1305,2782,3303,3012,26-02-2025
Uttar Pradesh,Lucknow,Lucknow,Rice,Local,895,1995,2404,2141,26-02-2025
Uttar Pradesh,Varanasi,Varanasi,Onion,Local,1354,1795,2164,2011,26-02-2025
Punjab,Amritsar,Amritsar,Cotton,Local,1145,6228,7451,7066,26-02-2025
Punjab,Amritsar,Amritsar,Rice,Local,947,2020,2446,2277,26-02-2025
Punjab,Bathinda,Bathinda,Maize,Local,750,1998,2456,2244,26-02-2025
Haryana,Karnal,Karnal,Maize,Local,349,2119,2446,2265,26-02-2025
Haryana,Karnal,Karnal,Cotton,Local,421,6391,7739,7043,26-02-2025
Haryana,Karnal,Karnal,Rice,Local,75,2141,2587,2386,26-02-2025
Madhya Pradesh,Bhopal,Bhopal,Chickpea,Local,118,5269,6457,5784,26-02-2025
Madhya Pradesh,Ujjain,Ujjain,Wheat,Local,476,2197,2580,2352,26-02-2025
Madhya Pradesh,Indore,Indore,Soybean,Local,374,4444,5321,4691,26-02-2025
Gujarat,Surat,Surat,Maize,Local,156,2004,2407,2224,26-02-2025
Gujarat,Ahmedabad,Ahmedabad,Groundnut,Local,714,5652,7046,6365,26-02-2025
Gujarat,Ahmedabad,Ahmedabad,Cotton,Local,547,6160,7266,6850,26-02-2025
Rajasthan,Jaipur,Jaipur,Bajra,Local,559,2303,2894,2585,26-02-2025
Rajasthan,Jaipur,Jaipur,Soybean,Local,1330,4438,5167,4782,26-02-2025
Rajasthan,Jaipur,Jaipur,Wheat,Local,269,2127,2559,2299,26-02-2025
Andhra Pradesh,Vijayawada,Vijayawada,Maize,Local,948,2142,2560,2290,26-02-2025
Andhra Pradesh,Guntur,Guntur,Rice,Local,325,2033,2370,2190,26-02-2025
Andhra Pradesh,Vijayawada,Vijayawada,Turmeric,Local,653,9789,11667,10710,26-02-2025
Karnataka,Hubli,Hubli,Rice,Local,1276,2054,2486,2276,26-02-2025
Karnataka,Hubli,Hubli,Tomato,Local,589,2181,2593,2378,26-02-2025
Karnataka,Hubli,Hubli,Chickpea,Local,826,5081,6393,5773,26-02-2025
Tamil Nadu,Madurai,Madurai,Rice,Local,1398,2017,2507,2249,26-02-2025
Tamil Nadu,Chennai,Chennai,Onion,Local,1179,1810,2252,2026,26-02-2025
Tamil Nadu,Chennai,Chennai,Maize,Local,276,1968,2415,2180,26-02-2025
West Bengal,Kolkata,Kolkata,Rice,Local,463,1968,2498,2213,26-02-2025
West Bengal,Burdwan,Burdwan,Potato,Local,845,1001,1243,1129,26-02-2025
Bihar,Patna,Patna,Rice,Local,76,1841,2292,2056,26-02-2025
Bihar,Patna,Patna,Wheat,Local,1008,2189,2605,2316,26-02-2025
Maharashtra,Pune,Pune,Potato,Local,1133,1096,1371,1240,05-03-2025
Maharashtra,Latur,Latur,Jowar,Local,492,3276,3690,3491,05-03-2025
Maharashtra,Nashik,Lasalgaon,Chickpea,Local,438,5357,6319,5756,05-03-2025
Uttar Pradesh,Agra,Agra,Onion,Local,900,1810,2266,2028,05-03-2025
Uttar Pradesh,Varanasi,Varanasi,Rice,Local,1488,2067,2495,2246,05-03-2025
Uttar Pradesh,Meerut,Meerut,Potato,Local,872,1059,1267,1188,05-03-2025
Punjab,Patiala,Patiala,Maize,Local,695,2100,2583,2278,05-03-2025
Punjab,Ludhiana,Ludhiana,Cotton,Local,712,6768,8244,7447,05-03-2025
Punjab,Patiala,Patiala,Wheat,Local,570,2273,2842,2540,05-03-2025
Haryana,Rohtak,Rohtak,Rice,Local,83,1978,2412,2242,05-03-2025
Haryana,Karnal,Karnal,Cotton,Local,504,6566,7321,6968,05-03-2025
Haryana,Hisar,Hisar,Maize,Local,1462,2040,2601,2314,05-03-2025
Madhya Pradesh,Bhopal,Bhopal,Chickpea,Local,801,4981,5848,5504,05-03-2025
Madhya Pradesh,Bhopal,Bhopal,Wheat,Local,868,2184,2467,2331,05-03-2025
Madhya Pradesh,Ujjain,Ujjain,Soybean,Local,404,4530,5459,4868,05-03-2025
Gujarat,Rajkot,Rajkot,Maize,Local,164,1989,2303,2124,05-03-2025
Gujarat,Ahmedabad,Ahmedabad,Groundnut,Local,296,6087,7063,6495,05-03-2025
Gujarat,Surat,Surat,Cotton,Local,1348,6743,8136,7177,05-03-2025
Rajasthan,Kota,Kota,Chickpea,Local,719,5219,6367,5784,05-03-2025
Rajasthan,Jodhpur,Jodhpur,Bajra,Local,854,2282,2845,2562,05-03-2025
Rajasthan,Jodhpur,Jodhpur,Wheat,Local,934,2258,2597,2454,05-03-2025
Andhra Pradesh,Guntur,Guntur,Maize,Local,1172,1968,2407,2155,05-03-2025
Andhra Pradesh,Kurnool,Kurnool,Rice,Local,1479,2019,2422,2224,05-03-2025
Andhra Pradesh,Vijayawada,Vijayawada,Turmeric,Local,859,9773,11422,10696,05-03-2025
Karnataka,Hubli,Hubli,Maize,Local,1452,1941,2352,2160,05-03-2025
Karnataka,Bangalore,Bangalore,Chickpea,Local,763,5280,6198,5696,05-03-2025
Karnataka,Bangalore,Bangalore,Tomato,Local,674,2261,2581,2453,05-03-2025
Tamil Nadu,Coimbatore,Coimbatore,Maize,Local,1453,2012,2281,2130,05-03-2025
Tamil Nadu,Chennai,Chennai,Onion,Local,161,1837,2087,1973,05-03-2025
Tamil Nadu,Chennai,Chennai,Rice,Local,639,2175,2597,2302,05-03-2025
West Bengal,Kolkata,Kolkata,Potato,Local,1151,1025,1213,1123,05-03-2025
West Bengal,Burdwan,Burdwan,Rice,Local,1039,1948,2281,2125,05-03-2025
Bihar,Patna,Patna,Wheat,Local,573,2157,2509,2286,05-03-2025
Bihar,Patna,Patna,Rice,Local,605,1858,2312,2078,05-03-2025
Maharashtra,Amravati,Amravati,Wheat,Local,787,2325,2842,2510,19-03-2025
Maharashtra,Nashik,Lasalgaon,Onion,Local,841,1841,2310,2045,19-03-2025
Maharashtra,Aurangabad,Aurangabad,Jowar,Local,696,3259,3964,3559,19-03-2025
Uttar Pradesh,Agra,Agra,Onion,Local,94,1857,2157,1960,19-03-2025
Uttar Pradesh,Lucknow,Lucknow,Wheat,Local,855,2117,2494,2309,19-03-2025
Uttar Pradesh,Lucknow,Lucknow,Sugarcane,Local,669,2753,3210,2967,19-03-2025
Punjab,Patiala,Patiala,Maize,Local,110,2205,2629,2340,19-03-2025
Punjab,Amritsar,Amritsar,Wheat,Local,331,2235,2683,2472,19-03-2025
Punjab,Ludhiana,Ludhiana,Rice,Local,1331,2200,2668,2401,19-03-2025
Haryana,Rohtak,Rohtak,Rice,Local,969,2093,2564,2321,19-03-2025
Haryana,Karnal,Karnal,Wheat,Local,1450,2248,2677,2429,19-03-2025
Haryana,Karnal,Karnal,Maize,Local,1122,2087,2578,2315,19-03-2025
Madhya Pradesh,Bhopal,Bhopal,Soybean,Local,292,4328,5346,4709,19-03-2025
Madhya Pradesh,Ujjain,Ujjain,Wheat,Local,702,2210,2618,2347,19-03-2025
Madhya Pradesh,Gwalior,Gwalior,Chickpea,Local,1354,5341,6620,5926,19-03-2025
Gujarat,Rajkot,Rajkot,Groundnut,Local,1313,5627,7266,6381,19-03-2025
Gujarat,Surat,Surat,Maize,Local,522,2052,2455,2224,19-03-2025
Gujarat,Surat,Surat,Cotton,Local,324,5996,7585,6771,19-03-2025
Rajasthan,Jaipur,Jaipur,Chickpea,Local,385,5104,6148,5627,19-03-2025
Rajasthan,Jodhpur,Jodhpur,Soybean,Local,602,4290,5370,4722,19-03-2025
Rajasthan,Jaipur,Jaipur,Wheat,Local,468,2180,2513,2352,19-03-2025
Andhra Pradesh,Guntur,Guntur,Rice,Local,925,2164,2600,2301,19-03-2025
Andhra Pradesh,Guntur,Guntur,Maize,Local,690,2059,2509,2232,19-03-2025
Andhra Pradesh,Vijayawada,Vijayawada,Turmeric,Local,1125,9850,11662,10569,19-03-2025
Karnataka,Hubli,Hubli,Tomato,Local,553,2325,2612,2479,19-03-2025
Karnataka,Hubli,Hubli,Chickpea,Local,843,5606,6224,5908,19-03-2025
Karnataka,Mysore,Mysore,Rice,Local,950,2215,2495,2338,19-03-2025
Tamil Nadu,Madurai,Madurai,Maize,Local,1463,1876,2359,2083,19-03-2025
Tamil Nadu,Madurai,Madurai,Onion,Local,235,1911,2320,2094,19-03-2025
Tamil Nadu,Madurai,Madurai,Rice,Local,1475,1983,2450,2222,19-03-2025
West Bengal,Burdwan,Burdwan,Rice,Local,1258,1970,2304,2161,19-03-2025
West Bengal,Burdwan,Burdwan,Potato,Local,713,1108,1245,1177,19-03-2025
Bihar,Gaya,Gaya,Wheat,Local,224,2075,2472,2233,19-03-2025
Bihar,Gaya,Gaya,Rice,Local,377,2080,2423,2193,19-03-2025
Maharashtra,Nashik,Lasalgaon,Jowar,Local,357,3194,3853,3473,18-04-2025
Maharashtra,Nagpur,Nagpur,Wheat,Local,909,2235,2790,2504,18-04-2025
Maharashtra,Nashik,Lasalgaon,Soybean,Local,1332,4487,5238,4805,18-04-2025
Uttar Pradesh,Varanasi,Varanasi,Wheat,Local,1069,2074,2336,2222,18-04-2025
Uttar Pradesh,Lucknow,Lucknow,Rice,Local,537,1962,2516,2228,18-04-2025
Uttar Pradesh,Meerut,Meerut,Onion,Local,212,1734,2064,1899,18-04-2025
Punjab,Ludhiana,Ludhiana,Wheat,Local,150,2301,2815,2504,18-04-2025
Punjab,Patiala,Patiala,Cotton,Local,116,6457,7347,6975,18-04-2025
Punjab,Ludhiana,Ludhiana,Rice,Local,415,2081,2488,2348,18-04-2025
Haryana,Karnal,Karnal,Maize,Local,123,2155,2501,2311,18-04-2025
Haryana,Hisar,Hisar,Rice,Local,188,2173,2723,2408,18-04-2025
Haryana,Rohtak,Rohtak,Wheat,Local,299,2233,2757,2524,18-04-2025
Madhya Pradesh,Indore,Indore,Soybean,Local,273,4363,5192,4698,18-04-2025
Madhya Pradesh,Gwalior,Gwalior,Chickpea,Local,1497,5149,6291,5547,18-04-2025
Madhya Pradesh,Gwalior,Gwalior,Wheat,Local,1227,2183,2495,2324,18-04-2025
Gujarat,Ahmedabad,Ahmedabad,Groundnut,Local,644,5754,7122,6446,18-04-2025
Gujarat,Surat,Surat,Cotton,Local,291,5900,7403,6692,18-04-2025
Gujarat,Ahmedabad,Ahmedabad,Maize,Local,897,2101,2559,2245,18-04-2025
Rajasthan,Jodhpur,Jodhpur,Soybean,Local,188,4069,4894,4551,18-04-2025
Rajasthan,Kota,Kota,Wheat,Local,283,2134,2600,2323,18-04-2025
Rajasthan,Jaipur,Jaipur,Bajra,Local,109,2216,2688,2441,18-04-2025
Andhra Pradesh,Vijayawada,Vijayawada,Rice,Local,122,2161,2585,2366,18-04-2025
Andhra Pradesh,Guntur,Guntur,Maize,Local,1149,1871,2292,2100,18-04-2025
Andhra Pradesh,Vijayawada,Vijayawada,Turmeric,Local,164,9514,11510,10154,18-04-2025
Karnataka,Mysore,Mysore,Chickpea,Local,729,5068,6336,5750,18-04-2025
Karnataka,Mysore,Mysore,Rice,Local,744,1987,2512,2232,18-04-2025
Karnataka,Bangalore,Bangalore,Maize,Local,847,2072,2431,2207,18-04-2025
Tamil Nadu,Chennai,Chennai,Onion,Local,897,1746,2038,1936,18-04-2025
Tamil Nadu,Chennai,Chennai,Rice,Local,669,2011,2446,2243,18-04-2025
Tamil Nadu,Chennai,Chennai,Maize,Local,126,1895,2302,2124,18-04-2025
West Bengal,Kolkata,Kolkata,Rice,Local,365,2057,2487,2198,18-04-2025
West Bengal,Hooghly,Hooghly,Potato,Local,685,991,1223,1084,18-04-2025
Bihar,Patna,Patna,Wheat,Local,321,2198,2582,2324,18-04-2025
Bihar,Patna,Patna,Rice,Local,1119,2020,2467,2214,18-04-2025
Maharashtra,Solapur,Solapur,Cotton,Local,1399,6544,7357,6945,25-04-2025
Maharashtra,Nagpur,Nagpur,Wheat,Local,479,2205,2583,2396,25-04-2025
Maharashtra,Solapur,Solapur,Onion,Local,953,1742,2124,1935,25-04-2025
Uttar Pradesh,Meerut,Meerut,Wheat,Local,1196,1998,2557,2250,25-04-2025
Uttar Pradesh,Lucknow,Lucknow,Potato,Local,605,986,1181,1074,25-04-2025
Uttar Pradesh,Agra,Agra,Onion,Local,400,1829,2152,1953,25-04-2025
Punjab,Amritsar,Amritsar,Maize,Local,1433,1994,2376,2257,25-04-2025
Punjab,Bathinda,Bathinda,Cotton,Local,416,6143,7565,6951,25-04-2025
Punjab,Amritsar,Amritsar,Rice,Local,1423,2167,2700,2403,25-04-2025
Haryana,Hisar,Hisar,Rice,Local,249,2135,2538,2281,25-04-2025
Haryana,Karnal,Karnal,Maize,Local,1013,2030,2455,2194,25-04-2025
Haryana,Hisar,Hisar,Wheat,Local,578,2264,2876,2544,25-04-2025
Madhya Pradesh,Indore,Indore,Soybean,Local,111,4518,5233,4797,25-04-2025
Madhya Pradesh,Gwalior,Gwalior,Wheat,Local,399,2110,2546,2333,25-04-2025
Madhya Pradesh,Ujjain,Ujjain,Chickpea,Local,260,5233,6023,5674,25-04-2025
Gujarat,Rajkot,Rajkot,Maize,Local,994,1942,2363,2194,25-04-2025
Gujarat,Rajkot,Rajkot,Groundnut,Local,375,5826,6964,6497,25-04-2025
Gujarat,Rajkot,Rajkot,Cotton,Local,1260,6241,7756,6905,25-04-2025
Rajasthan,Kota,Kota,Chickpea,Local,209,5048,6248,5631,25-04-2025
Rajasthan,Kota,Kota,Soybean,Local,1262,4508,5359,4899,25-04-2025
Rajasthan,Jodhpur,Jodhpur,Wheat,Local,410,2163,2646,2354,25-04-2025
Andhra Pradesh,Guntur,Guntur,Maize,Local,720,2023,2467,2195,25-04-2025
Andhra Pradesh,Vijayawada,Vijayawada,Rice,Local,334,2048,2477,2316,25-04-2025
Andhra Pradesh,Vijayawada,Vijayawada,Turmeric,Local,350,9721,11040,10514,25-04-2025
Karnataka,Mysore,Mysore,Maize,Local,1445,1993,2311,2165,25-04-2025
Karnataka,Hubli,Hubli,Rice,Local,940,2128,2528,2275,25-04-2025
Karnataka,Hubli,Hubli,Chickpea,Local,66,5376,6291,5946,25-04-2025
Tamil Nadu,Chennai,Chennai,Onion,Local,158,1732,2216,1959,25-04-2025
Tamil Nadu,Chennai,Chennai,Maize,Local,627,2019,2331,2154,25-04-2025
Tamil Nadu,Madurai,Madurai,Rice,Local,701,2040,2384,2196,25-04-2025
West Bengal,Kolkata,Kolkata,Potato,Local,1022,999,1207,1088,25-04-2025
West Bengal,Kolkata,Kolkata,Rice,Local,904,1944,2428,2143,25-04-2025
Bihar,Gaya,Gaya,Rice,Local,1046,1868,2220,2111,25-04-2025
Bihar,Gaya,Gaya,Wheat,Local,901,2092,2499,2352,25-04-2025
Maharashtra,Nashik,Lasalgaon,Jowar,Local,777,3000,3562,3266,25-05-2025
Maharashtra,Solapur,Solapur,Soybean,Local,534,4304,5142,4666,25-05-2025
Maharashtra,Pune,Pune,Tomato,Local,801,1998,2417,2199,25-05-2025
Uttar Pradesh,Lucknow,Lucknow,Wheat,Local,213,2047,2528,2224,25-05-2025
Uttar Pradesh,Varanasi,Varanasi,Sugarcane,Local,622,2853,3508,3112,25-05-2025
Uttar Pradesh,Varanasi,Varanasi,Potato,Local,552,950,1145,1036,25-05-2025
Punjab,Bathinda,Bathinda,Wheat,Local,72,2294,2671,2432,25-05-2025
Punjab,Bathinda,Bathinda,Maize,Local,728,2074,2421,2198,25-05-2025
Punjab,Amritsar,Amritsar,Rice,Local,393,2189,2485,2308,25-05-2025
Haryana,Rohtak,Rohtak,Maize,Local,155,1925,2245,2108,25-05-2025
Haryana,Hisar,Hisar,Rice,Local,637,2251,2658,2403,25-05-2025
Haryana,Hisar,Hisar,Cotton,Local,619,6167,7590,6737,25-05-2025
Madhya Pradesh,Bhopal,Bhopal,Wheat,Local,407,2058,2476,2336,25-05-2025
Madhya Pradesh,Bhopal,Bhopal,Soybean,Local,1485,4219,4963,4657,25-05-2025
Madhya Pradesh,Indore,Indore,Chickpea,Local,752,5043,6075,5388,25-05-2025
Gujarat,Rajkot,Rajkot,Groundnut,Local,1403,5865,6998,6453,25-05-2025
Gujarat,Ahmedabad,Ahmedabad,Maize,Local,756,1945,2403,2181,25-05-2025
Gujarat,Rajkot,Rajkot,Cotton,Local,393,6448,7330,6912,25-05-2025
Rajasthan,Jodhpur,Jodhpur,Chickpea,Local,528,5147,6163,5439,25-05-2025
Rajasthan,Jodhpur,Jodhpur,Wheat,Local,1136,2112,2499,2328,25-05-2025
Rajasthan,Jodhpur,Jodhpur,Soybean,Local,1439,4218,4868,4464,25-05-2025
Andhra Pradesh,Vijayawada,Vijayawada,Turmeric,Local,934,9268,11388,10024,25-05-2025
Andhra Pradesh,Kurnool,Kurnool,Rice,Local,596,2181,2506,2320,25-05-2025
Andhra Pradesh,Vijayawada,Vijayawada,Maize,Local,1432,1915,2269,2079,25-05-2025
Karnataka,Hubli,Hubli,Maize,Local,691,1990,2445,2146,25-05-2025
Karnataka,Bangalore,Bangalore,Chickpea,Local,892,4704,5642,5342,25-05-2025
Karnataka,Mysore,Mysore,Tomato,Local,630,2025,2360,2182,25-05-2025
Tamil Nadu,Madurai,Madurai,Rice,Local,494,1964,2452,2222,25-05-2025
Tamil Nadu,Chennai,Chennai,Onion,Local,1288,1575,1797,1694,25-05-2025
Tamil Nadu,Chennai,Chennai,Maize,Local,428,1921,2281,2058,25-05-2025
West Bengal,Hooghly,Hooghly,Rice,Local,978,1964,2240,2120,25-05-2025
West Bengal,Hooghly,Hooghly,Potato,Local,712,971,1161,1046,25-05-2025
Bihar,Gaya,Gaya,Wheat,Local,173,1912,2346,2162,25-05-2025
Bihar,Patna,Patna,Rice,Local,1057,1987,2409,2211,25-05-2025
Maharashtra,Solapur,Solapur,Jowar,Local,1307,2786,3305,3035,24-06-2025
Maharashtra,Pune,Pune,Soybean,Local,121,4015,4731,4408,24-06-2025
Maharashtra,Aurangabad,Aurangabad,Tomato,Local,88,1775,2136,1907,24-06-2025
Uttar Pradesh,Meerut,Meerut,Rice,Local,851,1887,2337,2100,24-06-2025
Uttar Pradesh,Varanasi,Varanasi,Wheat,Local,1029,1851,2229,1991,24-06-2025
Uttar Pradesh,Meerut,Meerut,Sugarcane,Local,193,2795,3372,3002,24-06-2025
Punjab,Patiala,Patiala,Rice,Local,1211,2159,2518,2303,24-06-2025
Punjab,Amritsar,Amritsar,Wheat,Local,1375,1976,2314,2193,24-06-2025
Punjab,Patiala,Patiala,Cotton,Local,991,6348,7299,6755,24-06-2025
Haryana,Karnal,Karnal,Cotton,Local,848,6499,7556,7016,24-06-2025
Haryana,Hisar,Hisar,Wheat,Local,1345,2014,2353,2225,24-06-2025
Haryana,Karnal,Karnal,Maize,Local,1264,1902,2282,2138,24-06-2025
Madhya Pradesh,Indore,Indore,Soybean,Local,970,4140,4900,4475,24-06-2025
Madhya Pradesh,Ujjain,Ujjain,Chickpea,Local,137,4410,5592,4989,24-06-2025
Madhya Pradesh,Bhopal,Bhopal,Wheat,Local,988,1902,2255,2031,24-06-2025
Gujarat,Surat,Surat,Maize,Local,1015,1763,2197,1981,24-06-2025
Gujarat,Surat,Surat,Groundnut,Local,402,5438,6214,5853,24-06-2025
Gujarat,Surat,Surat,Cotton,Local,984,5763,7169,6393,24-06-2025
Rajasthan,Jaipur,Jaipur,Wheat,Local,1310,1926,2376,2170,24-06-2025
Rajasthan,Jodhpur,Jodhpur,Soybean,Local,1439,3812,4606,4263,24-06-2025
Rajasthan,Jodhpur,Jodhpur,Bajra,Local,331,2200,2556,2320,24-06-2025
Andhra Pradesh,Kurnool,Kurnool,Rice,Local,900,1873,2240,2108,24-06-2025
Andhra Pradesh,Kurnool,Kurnool,Turmeric,Local,1241,8599,10198,9360,24-06-2025
Andhra Pradesh,Kurnool,Kurnool,Maize,Local,820,1849,2188,1977,24-06-2025
Karnataka,Hubli,Hubli,Tomato,Local,1384,1676,1987,1878,24-06-2025
Karnataka,Hubli,Hubli,Maize,Local,1024,1928,2381,2121,24-06-2025
Karnataka,Mysore,Mysore,Rice,Local,972,1863,2249,2093,24-06-2025
Tamil Nadu,Madurai,Madurai,Rice,Local,230,1963,2332,2110,24-06-2025
Tamil Nadu,Chennai,Chennai,Onion,Local,1192,1435,1733,1593,24-06-2025
Tamil Nadu,Coimbatore,Coimbatore,Maize,Local,1317,1848,2216,1947,24-06-2025
West Bengal,Kolkata,Kolkata,Rice,Local,446,1940,2252,2095,24-06-2025
West Bengal,Hooghly,Hooghly,Potato,Local,1021,923,1131,995,24-06-2025
Bihar,Patna,Patna,Wheat,Local,633,1817,2280,2058,24-06-2025
Bihar,Patna,Patna,Rice,Local,978,1824,2266,2019,24-06-2025
Maharashtra,Nashik,Lasalgaon,Wheat,Local,195,1831,2276,2076,01-07-2025
Maharashtra,Solapur,Solapur,Potato,Local,457,947,1110,1028,01-07-2025
Maharashtra,Nashik,Lasalgaon,Soybean,Local,717,4081,5063,4520,01-07-2025
Uttar Pradesh,Varanasi,Varanasi,Wheat,Local,200,1802,2279,2016,01-07-2025
Uttar Pradesh,Meerut,Meerut,Rice,Local,492,1806,2226,2044,01-07-2025
Uttar Pradesh,Kanpur,Kanpur,Potato,Local,447,868,1017,957,01-07-2025
Punjab,Amritsar,Amritsar,Maize,Local,329,1869,2124,2013,01-07-2025
Punjab,Ludhiana,Ludhiana,Wheat,Local,753,2040,2383,2237,01-07-2025
Punjab,Ludhiana,Ludhiana,Rice,Local,1356,2070,2516,2244,01-07-2025
Haryana,Hisar,Hisar,Cotton,Local,1261,6230,7765,6814,01-07-2025
Haryana,Karnal,Karnal,Wheat,Local,555,1991,2469,2213,01-07-2025
Haryana,Karnal,Karnal,Rice,Local,1261,1957,2403,2126,01-07-2025
Madhya Pradesh,Indore,Indore,Chickpea,Local,1082,4651,5756,5269,01-07-2025
Madhya Pradesh,Indore,Indore,Wheat,Local,1476,1850,2288,2038,01-07-2025
Madhya Pradesh,Ujjain,Ujjain,Soybean,Local,75,3826,4694,4266,01-07-2025
Gujarat,Surat,Surat,Groundnut,Local,1032,5415,6192,5852,01-07-2025
Gujarat,Ahmedabad,Ahmedabad,Maize,Local,1245,1843,2235,1983,01-07-2025
Gujarat,Rajkot,Rajkot,Cotton,Local,1490,6154,7165,6744,01-07-2025
Rajasthan,Kota,Kota,Wheat,Local,838,1853,2329,2105,01-07-2025
Rajasthan,Kota,Kota,Chickpea,Local,602,4462,5504,5057,01-07-2025
Rajasthan,Jaipur,Jaipur,Soybean,Local,1452,4113,5025,4481,01-07-2025
Andhra Pradesh,Kurnool,Kurnool,Turmeric,Local,155,8432,9674,8935,01-07-2025
Andhra Pradesh,Kurnool,Kurnool,Maize,Local,800,1803,2082,1976,01-07-2025
Andhra Pradesh,Kurnool,Kurnool,Rice,Local,469,1968,2331,2118,01-07-2025
Karnataka,Bangalore,Bangalore,Chickpea,Local,1489,4930,5915,5292,01-07-2025
Karnataka,Hubli,Hubli,Tomato,Local,597,1798,2079,1927,01-07-2025
Karnataka,Mysore,Mysore,Rice,Local,757,1928,2263,2144,01-07-2025
Tamil Nadu,Coimbatore,Coimbatore,Maize,Local,648,1844,2183,1988,01-07-2025
Tamil Nadu,Chennai,Chennai,Rice,Local,184,1938,2351,2071,01-07-2025
Tamil Nadu,Coimbatore,Coimbatore,Onion,Local,416,1410,1634,1546,01-07-2025
West Bengal,Kolkata,Kolkata,Rice,Local,358,1736,2079,1955,01-07-2025
West Bengal,Burdwan,Burdwan,Potato,Local,1447,880,1025,952,01-07-2025
Bihar,Patna,Patna,Wheat,Local,647,1788,2175,1963,01-07-2025
Bihar,Gaya,Gaya,Rice,Local,1114,1806,2055,1919,01-07-2025
Maharashtra,Aurangabad,Aurangabad,Turmeric,Local,1173,8425,9980,9092,15-07-2025
Maharashtra,Nashik,Lasalgaon,Chickpea,Local,677,4840,5952,5263,15-07-2025
Maharashtra,Amravati,Amravati,Potato,Local,640,925,1119,1033,15-07-2025
Uttar Pradesh,Meerut,Meerut,Wheat,Local,379,1889,2206,1995,15-07-2025
Uttar Pradesh,Lucknow,Lucknow,Rice,Local,1468,1892,2245,1995,15-07-2025
Uttar Pradesh,Lucknow,Lucknow,Sugarcane,Local,1226,2587,3319,2913,15-07-2025
Punjab,Patiala,Patiala,Cotton,Local,699,5994,6866,6520,15-07-2025
Punjab,Patiala,Patiala,Rice,Local,1142,1928,2406,2115,15-07-2025
Punjab,Bathinda,Bathinda,Maize,Local,347,1774,2281,2012,15-07-2025
Haryana,Rohtak,Rohtak,Maize,Local,1375,1958,2336,2132,15-07-2025
Haryana,Rohtak,Rohtak,Wheat,Local,1224,1999,2411,2120,15-07-2025
Haryana,Hisar,Hisar,Rice,Local,955,1926,2371,2095,15-07-2025
Madhya Pradesh,Indore,Indore,Chickpea,Local,680,4659,5757,5236,15-07-2025
Madhya Pradesh,Gwalior,Gwalior,Wheat,Local,239,1911,2218,2035,15-07-2025
Madhya Pradesh,Gwalior,Gwalior,Soybean,Local,504,3820,4553,4130,15-07-2025
Gujarat,Surat,Surat,Groundnut,Local,228,5437,6626,5967,15-07-2025
Gujarat,Ahmedabad,Ahmedabad,Maize,Local,1097,1827,2206,1998,15-07-2025
Gujarat,Rajkot,Rajkot,Cotton,Local,925,6073,7134,6709,15-07-2025
Rajasthan,Jaipur,Jaipur,Chickpea,Local,1198,4556,5732,5037,15-07-2025
Rajasthan,Jodhpur,Jodhpur,Wheat,Local,901,1907,2260,2024,15-07-2025
Rajasthan,Kota,Kota,Bajra,Local,918,2121,2576,2265,15-07-2025
Andhra Pradesh,Guntur,Guntur,Maize,Local,1125,1747,2207,1938,15-07-2025
Andhra Pradesh,Kurnool,Kurnool,Rice,Local,231,1913,2258,2020,15-07-2025
Andhra Pradesh,Guntur,Guntur,Turmeric,Local,1188,8363,9632,8859,15-07-2025
Karnataka,Hubli,Hubli,Maize,Local,668,1863,2264,2069,15-07-2025
Karnataka,Bangalore,Bangalore,Tomato,Local,104,1709,2029,1859,15-07-2025
Karnataka,Mysore,Mysore,Chickpea,Local,1353,4582,5632,5085,15-07-2025
Tamil Nadu,Chennai,Chennai,Rice,Local,108,1885,2214,1998,15-07-2025
Tamil Nadu,Madurai,Madurai,Maize,Local,1276,1826,2271,1997,15-07-2025
Tamil Nadu,Madurai,Madurai,Onion,Local,578,1355,1615,1483,15-07-2025
West Bengal,Kolkata,Kolkata,Potato,Local,581,876,990,941,15-07-2025
West Bengal,Kolkata,Kolkata,Rice,Local,1469,1800,2207,2022,15-07-2025
Bihar,Patna,Patna,Rice,Local,779,1735,2123,1917,15-07-2025
Bihar,Patna,Patna,Wheat,Local,1102,1792,2216,1954,15-07-2025
Maharashtra,Nagpur,Nagpur,Onion,Local,666,1507,1786,1607,29-07-2025
Maharashtra,Nagpur,Nagpur,Soybean,Local,1237,4199,4789,4524,29-07-2025
Maharashtra,Amravati,Amravati,Chickpea,Local,813,4773,5942,5418,29-07-2025
Uttar Pradesh,Lucknow,Lucknow,Sugarcane,Local,1080,2759,3310,3095,29-07-2025
Uttar Pradesh,Meerut,Meerut,Onion,Local,1462,1425,1676,1523,29-07-2025
Uttar Pradesh,Varanasi,Varanasi,Rice,Local,283,1940,2322,2086,29-07-2025
Punjab,Patiala,Patiala,Cotton,Local,688,6480,7499,6860,29-07-2025
Punjab,Patiala,Patiala,Wheat,Local,1121,1925,2406,2113,29-07-2025
Punjab,Ludhiana,Ludhiana,Maize,Local,292,1821,2256,2020,29-07-2025
Haryana,Hisar,Hisar,Cotton,Local,210,6063,7188,6725,29-07-2025
Haryana,Hisar,Hisar,Maize,Local,1041,1950,2205,2086,29-07-2025
Haryana,Rohtak,Rohtak,Wheat,Local,1101,1843,2328,2076,29-07-2025
Madhya Pradesh,Indore,Indore,Wheat,Local,71,1870,2281,2118,29-07-2025
Madhya Pradesh,Bhopal,Bhopal,Soybean,Local,459,4136,4679,4379,29-07-2025
Madhya Pradesh,Gwalior,Gwalior,Chickpea,Local,618,4536,5468,5143,29-07-2025
Gujarat,Surat,Surat,Cotton,Local,78,5750,7303,6499,29-07-2025
Gujarat,Ahmedabad,Ahmedabad,Groundnut,Local,1150,5194,6252,5814,29-07-2025
Gujarat,Surat,Surat,Maize,Local,1082,1855,2236,2091,29-07-2025
Rajasthan,Jodhpur,Jodhpur,Chickpea,Local,776,4831,5439,5101,29-07-2025
Rajasthan,Jaipur,Jaipur,Wheat,Local,693,1886,2237,2059,29-07-2025
Rajasthan,Kota,Kota,Bajra,Local,789,2106,2515,2298,29-07-2025
Andhra Pradesh,Vijayawada,Vijayawada,Maize,Local,1279,1748,2117,1968,29-07-2025
Andhra Pradesh,Guntur,Guntur,Rice,Local,1184,1955,2246,2061,29-07-2025
Andhra Pradesh,Guntur,Guntur,Turmeric,Local,192,8246,9362,8774,29-07-2025
Karnataka,Hubli,Hubli,Chickpea,Local,947,4973,5761,5438,29-07-2025
Karnataka,Hubli,Hubli,Tomato,Local,870,1695,2033,1913,29-07-2025
Karnataka,Bangalore,Bangalore,Rice,Local,395,1889,2413,2129,29-07-2025
Tamil Nadu,Coimbatore,Coimbatore,Maize,Local,526,1792,2073,1908,29-07-2025
Tamil Nadu,Madurai,Madurai,Rice,Local,1241,1878,2326,2088,29-07-2025
Tamil Nadu,Coimbatore,Coimbatore,Onion,Local,869,1377,1631,1472,29-07-2025
West Bengal,Kolkata,Kolkata,Potato,Local,981,904,1049,987,29-07-2025
West Bengal,Kolkata,Kolkata,Rice,Local,325,1781,2086,1948,29-07-2025
Bihar,Gaya,Gaya,Wheat,Local,416,1866,2147,2040,29-07-2025
Bihar,Patna,Patna,Rice,Local,1326,1810,2160,2005,29-07-2025
Maharashtra,Latur,Latur,Potato,Local,585,924,1091,997,05-08-2025
Maharashtra,Aurangabad,Aurangabad,Tomato,Local,114,1813,2119,1928,05-08-2025
Maharashtra,Aurangabad,Aurangabad,Turmeric,Local,820,8422,10339,9481,05-08-2025
Uttar Pradesh,Lucknow,Lucknow,Sugarcane,Local,1496,2729,3301,2947,05-08-2025
Uttar Pradesh,Agra,Agra,Wheat,Local,1048,1785,2237,2007,05-08-2025
Uttar Pradesh,Meerut,Meerut,Onion,Local,1154,1396,1679,1527,05-08-2025
Punjab,Patiala,Patiala,Cotton,Local,823,6010,7249,6623,05-08-2025
Punjab,Amritsar,Amritsar,Rice,Local,1259,1980,2322,2200,05-08-2025
Punjab,Amritsar,Amritsar,Wheat,Local,1245,1892,2346,2089,05-08-2025
Haryana,Rohtak,Rohtak,Maize,Local,165,1920,2198,2022,05-08-2025
Haryana,Rohtak,Rohtak,Cotton,Local,223,5757,6923,6422,05-08-2025
Haryana,Rohtak,Rohtak,Wheat,Local,90,1855,2223,2058,05-08-2025
Madhya Pradesh,Gwalior,Gwalior,Soybean,Local,912,3903,4704,4291,05-08-2025
Madhya Pradesh,Ujjain,Ujjain,Wheat,Local,698,1781,2052,1951,05-08-2025
Madhya Pradesh,Indore,Indore,Chickpea,Local,1050,4606,5403,5103,05-08-2025
Gujarat,Surat,Surat,Maize,Local,391,1867,2212,1993,05-08-2025
Gujarat,Ahmedabad,Ahmedabad,Groundnut,Local,1351,5490,6187,5792,05-08-2025
Gujarat,Rajkot,Rajkot,Cotton,Local,147,6059,7105,6604,05-08-2025
Rajasthan,Jaipur,Jaipur,Chickpea,Local,609,4800,5754,5215,05-08-2025
Rajasthan,Jaipur,Jaipur,Bajra,Local,761,2102,2495,2292,05-08-2025
Rajasthan,Kota,Kota,Soybean,Local,936,3905,4863,4333,05-08-2025
Andhra Pradesh,Vijayawada,Vijayawada,Turmeric,Local,1425,8041,9822,8959,05-08-2025
Andhra Pradesh,Vijayawada,Vijayawada,Maize,Local,432,1696,2142,1924,05-08-2025
Andhra Pradesh,Guntur,Guntur,Rice,Local,1007,1918,2328,2071,05-08-2025
Karnataka,Hubli,Hubli,Rice,Local,358,1897,2228,2095,05-08-2025
Karnataka,Bangalore,Bangalore,Chickpea,Local,702,4782,5780,5307,05-08-2025
Karnataka,Hubli,Hubli,Tomato,Local,637,1835,2099,1954,05-08-2025
Tamil Nadu,Coimbatore,Coimbatore,Rice,Local,552,1788,2149,2014,05-08-2025
Tamil Nadu,Chennai,Chennai,Maize,Local,1374,1773,2101,1929,05-08-2025
Tamil Nadu,Madurai,Madurai,Onion,Local,618,1347,1577,1498,05-08-2025
West Bengal,Hooghly,Hooghly,Rice,Local,221,1885,2169,2062,05-08-2025
West Bengal,Hooghly,Hooghly,Potato,Local,883,912,1096,969,05-08-2025
Bihar,Patna,Patna,Wheat,Local,279,1895,2164,2036,05-08-2025
Bihar,Gaya,Gaya,Rice,Local,1125,1849,2238,1971,05-08-2025
Maharashtra,Amravati,Amravati,Onion,Local,848,1472,1836,1632,19-08-2025
Maharashtra,Pune,Pune,Sugarcane,Local,345,2908,3530,3244,19-08-2025
Maharashtra,Amravati,Amravati,Turmeric,Local,570,8495,9765,8962,19-08-2025
Uttar Pradesh,Varanasi,Varanasi,Onion,Local,1167,1415,1615,1523,19-08-2025
Uttar Pradesh,Kanpur,Kanpur,Wheat,Local,346,1798,2154,2004,19-08-2025
Uttar Pradesh,Meerut,Meerut,Rice,Local,1371,1816,2161,2005,19-08-2025
Punjab,Bathinda,Bathinda,Wheat,Local,1181,2044,2342,2186,19-08-2025
Punjab,Amritsar,Amritsar,Maize,Local,1453,1915,2189,2022,19-08-2025
Punjab,Bathinda,Bathinda,Cotton,Local,66,5951,7234,6638,19-08-2025
Haryana,Hisar,Hisar,Maize,Local,378,1963,2266,2104,19-08-2025
Haryana,Karnal,Karnal,Cotton,Local,882,6238,7413,6625,19-08-2025
Haryana,Hisar,Hisar,Wheat,Local,1056,1854,2346,2094,19-08-2025
Madhya Pradesh,Gwalior,Gwalior,Chickpea,Local,378,4859,5801,5162,19-08-2025
Madhya Pradesh,Gwalior,Gwalior,Soybean,Local,1171,3836,4682,4240,19-08-2025
Madhya Pradesh,Bhopal,Bhopal,Wheat,Local,1363,1782,2132,2021,19-08-2025
Gujarat,Ahmedabad,Ahmedabad,Maize,Local,1229,1711,2062,1914,19-08-2025
Gujarat,Ahmedabad,Ahmedabad,Cotton,Local,1379,5590,6940,6229,19-08-2025
Gujarat,Rajkot,Rajkot,Groundnut,Local,704,5614,6784,6050,19-08-2025
Rajasthan,Jaipur,Jaipur,Chickpea,Local,627,4667,5654,5028,19-08-2025
Rajasthan,Kota,Kota,Soybean,Local,822,3748,4491,4138,19-08-2025
Rajasthan,Kota,Kota,Bajra,Local,1375,2110,2527,2230,19-08-2025
Andhra Pradesh,Kurnool,Kurnool,Turmeric,Local,395,8369,10422,9363,19-08-2025
Andhra Pradesh,Guntur,Guntur,Rice,Local,232,1870,2206,2055,19-08-2025
Andhra Pradesh,Guntur,Guntur,Maize,Local,1126,1768,2021,1922,19-08-2025
Karnataka,Mysore,Mysore,Rice,Local,595,1886,2164,2028,19-08-2025
Karnataka,Hubli,Hubli,Chickpea,Local,473,4835,5806,5332,19-08-2025
Karnataka,Mysore,Mysore,Maize,Local,437,1827,2173,1948,19-08-2025
Tamil Nadu,Chennai,Chennai,Rice,Local,973,1852,2092,1953,19-08-2025
Tamil Nadu,Coimbatore,Coimbatore,Maize,Local,71,1776,2089,1914,19-08-2025
Tamil Nadu,Chennai,Chennai,Onion,Local,1456,1345,1657,1490,19-08-2025
West Bengal,Kolkata,Kolkata,Potato,Local,170,879,1036,979,19-08-2025
West Bengal,Burdwan,Burdwan,Rice,Local,1291,1759,2220,1962,19-08-2025
Bihar,Gaya,Gaya,Wheat,Local,858,1780,2077,1928,19-08-2025
Bihar,Gaya,Gaya,Rice,Local,417,1800,2013,1910,19-08-2025
Maharashtra,Aurangabad,Aurangabad,Potato,Local,1136,987,1197,1110,02-09-2025
Maharashtra,Aurangabad,Aurangabad,Tomato,Local,311,1839,2183,2071,02-09-2025
Maharashtra,Nagpur,Nagpur,Chickpea,Local,930,5318,6332,5667,02-09-2025
Uttar Pradesh,Lucknow,Lucknow,Potato,Local,1056,951,1088,1009,02-09-2025
Uttar Pradesh,Agra,Agra,Onion,Local,951,1524,1786,1613,02-09-2025
Uttar Pradesh,Kanpur,Kanpur,Sugarcane,Local,1013,2633,3177,2979,02-09-2025
Punjab,Bathinda,Bathinda,Rice,Local,133,2121,2531,2233,02-09-2025
Punjab,Amritsar,Amritsar,Maize,Local,1059,1967,2314,2116,02-09-2025
Punjab,Ludhiana,Ludhiana,Cotton,Local,241,6668,7522,7089,02-09-2025
Haryana,Rohtak,Rohtak,Maize,Local,1408,2027,2380,2162,02-09-2025
Haryana,Karnal,Karnal,Wheat,Local,1218,2086,2307,2196,02-09-2025
Haryana,Karnal,Karnal,Rice,Local,1436,1955,2471,2208,02-09-2025
Madhya Pradesh,Indore,Indore,Soybean,Local,1259,4158,4865,4482,02-09-2025
Madhya Pradesh,Ujjain,Ujjain,Wheat,Local,1499,1957,2323,2197,02-09-2025
Madhya Pradesh,Gwalior,Gwalior,Chickpea,Local,61,4988,5813,5268,02-09-2025
Gujarat,Ahmedabad,Ahmedabad,Groundnut,Local,1215,6038,7193,6356,02-09-2025
Gujarat,Ahmedabad,Ahmedabad,Cotton,Local,711,5782,7251,6545,02-09-2025
Gujarat,Rajkot,Rajkot,Maize,Local,239,1946,2340,2119,02-09-2025
Rajasthan,Jaipur,Jaipur,Soybean,Local,476,4354,4898,4629,02-09-2025
Rajasthan,Jaipur,Jaipur,Bajra,Local,1389,2140,2611,2356,02-09-2025
Rajasthan,Kota,Kota,Chickpea,Local,685,4735,5639,5179,02-09-2025
Andhra Pradesh,Guntur,Guntur,Turmeric,Local,1052,8945,10451,9534,02-09-2025
Andhra Pradesh,Kurnool,Kurnool,Rice,Local,916,2032,2449,2225,02-09-2025
Andhra Pradesh,Vijayawada,Vijayawada,Maize,Local,939,1967,2321,2100,02-09-2025
Karnataka,Hubli,Hubli,Rice,Local,1376,2069,2424,2182,02-09-2025
Karnataka,Hubli,Hubli,Tomato,Local,1375,2029,2356,2147,02-09-2025
Karnataka,Mysore,Mysore,Chickpea,Local,1028,4809,5569,5268,02-09-2025
Tamil Nadu,Madurai,Madurai,Rice,Local,147,1992,2339,2173,02-09-2025
Tamil Nadu,Coimbatore,Coimbatore,Onion,Local,920,1385,1662,1568,02-09-2025
Tamil Nadu,Coimbatore,Coimbatore,Maize,Local,568,1807,2148,1951,02-09-2025
West Bengal,Kolkata,Kolkata,Potato,Local,997,913,1157,1036,02-09-2025
West Bengal,Burdwan,Burdwan,Rice,Local,902,1990,2234,2119,02-09-2025
Bihar,Gaya,Gaya,Rice,Local,1327,1883,2293,2065,02-09-2025
Bihar,Patna,Patna,Wheat,Local,482,1933,2299,2047,02-09-2025
Maharashtra,Nashik,Lasalgaon,Turmeric,Local,77,8412,10363,9546,09-09-2025
Maharashtra,Solapur,Solapur,Cotton,Local,1397,6249,7442,6850,09-09-2025
Maharashtra,Nagpur,Nagpur,Onion,Local,1313,1557,1883,1703,09-09-2025
Uttar Pradesh,Lucknow,Lucknow,Sugarcane,Local,82,2611,3142,2964,09-09-2025
Uttar Pradesh,Lucknow,Lucknow,Potato,Local,1380,943,1168,1054,09-09-2025
Uttar Pradesh,Agra,Agra,Wheat,Local,440,1946,2361,2106,09-09-2025
Punjab,Bathinda,Bathinda,Maize,Local,362,1883,2275,2136,09-09-2025
Punjab,Ludhiana,Ludhiana,Rice,Local,1248,2125,2625,2328,09-09-2025
Punjab,Patiala,Patiala,Wheat,Local,154,2038,2493,2216,09-09-2025
Haryana,Rohtak,Rohtak,Wheat,Local,1270,2193,2606,2334,09-09-2025
Haryana,Rohtak,Rohtak,Rice,Local,1045,2010,2443,2233,09-09-2025
Haryana,Karnal,Karnal,Cotton,Local,1049,6351,7646,6882,09-09-2025
Madhya Pradesh,Ujjain,Ujjain,Chickpea,Local,1377,4741,5548,5255,09-09-2025
Madhya Pradesh,Gwalior,Gwalior,Wheat,Local,1373,1958,2439,2205,09-09-2025
Madhya Pradesh,Ujjain,Ujjain,Soybean,Local,443,4006,4684,4400,09-09-2025
Gujarat,Surat,Surat,Cotton,Local,1283,6174,7451,6703,09-09-2025
Gujarat,Rajkot,Rajkot,Maize,Local,849,1872,2266,2105,09-09-2025
Gujarat,Ahmedabad,Ahmedabad,Groundnut,Local,1017,5841,7032,6300,09-09-2025
Rajasthan,Jodhpur,Jodhpur,Wheat,Local,1290,1947,2339,2190,09-09-2025
Rajasthan,Jaipur,Jaipur,Chickpea,Local,671,4701,5892,5171,09-09-2025
Rajasthan,Jodhpur,Jodhpur,Bajra,Local,584,2051,2442,2322,09-09-2025
Andhra Pradesh,Guntur,Guntur,Turmeric,Local,180,9102,10167,9656,09-09-2025
Andhra Pradesh,Guntur,Guntur,Rice,Local,508,1981,2277,2146,09-09-2025
Andhra Pradesh,Vijayawada,Vijayawada,Maize,Local,145,1824,2183,2018,09-09-2025
Karnataka,Bangalore,Bangalore,Chickpea,Local,986,5234,6034,5539,09-09-2025
Karnataka,Hubli,Hubli,Tomato,Local,258,2048,2421,2191,09-09-2025
Karnataka,Mysore,Mysore,Rice,Local,470,1863,2324,2100,09-09-2025
Tamil Nadu,Madurai,Madurai,Rice,Local,365,1975,2436,2159,09-09-2025
Tamil Nadu,Coimbatore,Coimbatore,Maize,Local,463,1870,2117,1995,09-09-2025
Tamil Nadu,Coimbatore,Coimbatore,Onion,Local,1020,1573,1769,1684,09-09-2025
West Bengal,Burdwan,Burdwan,Potato,Local,788,888,1096,980,09-09-2025
West Bengal,Kolkata,Kolkata,Rice,Local,913,1869,2346,2099,09-09-2025
Bihar,Gaya,Gaya,Wheat,Local,1107,1871,2247,2059,09-09-2025
Bihar,Patna,Patna,Rice,Local,1109,1934,2376,2123,09-09-2025
Maharashtra,Solapur,Solapur,Chickpea,Local,125,5096,6033,5716,16-09-2025
Maharashtra,Solapur,Solapur,Turmeric,Local,1343,8836,10931,9922,16-09-2025
Maharashtra,Aurangabad,Aurangabad,Jowar,Local,908,3115,3764,3309,16-09-2025
Uttar Pradesh,Meerut,Meerut,Onion,Local,622,1546,1721,1638,16-09-2025
Uttar Pradesh,Lucknow,Lucknow,Potato,Local,1368,920,1122,1033,16-09-2025
Uttar Pradesh,Kanpur,Kanpur,Sugarcane,Local,955,2910,3483,3150,16-09-2025
Punjab,Patiala,Patiala,Cotton,Local,308,6120,7237,6669,16-09-2025
Punjab,Ludhiana,Ludhiana,Wheat,Local,747,2031,2391,2218,16-09-2025
Punjab,Ludhiana,Ludhiana,Rice,Local,579,2034,2372,2159,16-09-2025
Haryana,Hisar,Hisar,Maize,Local,813,1955,2324,2202,16-09-2025
Haryana,Karnal,Karnal,Rice,Local,1383,2032,2368,2246,16-09-2025
Haryana,Karnal,Karnal,Cotton,Local,744,6260,7147,6804,16-09-2025
Madhya Pradesh,Bhopal,Bhopal,Chickpea,Local,1223,4822,5845,5203,16-09-2025
Madhya Pradesh,Bhopal,Bhopal,Wheat,Local,721,1994,2333,2176,16-09-2025
Madhya Pradesh,Ujjain,Ujjain,Soybean,Local,921,4103,4799,4532,16-09-2025
Gujarat,Rajkot,Rajkot,Groundnut,Local,209,5424,6523,6100,16-09-2025
Gujarat,Rajkot,Rajkot,Maize,Local,858,1914,2319,2108,16-09-2025
Gujarat,Rajkot,Rajkot,Cotton,Local,1461,6236,7687,6745,16-09-2025
Rajasthan,Kota,Kota,Chickpea,Local,1492,4884,5831,5344,16-09-2025
Rajasthan,Jaipur,Jaipur,Bajra,Local,1019,2173,2615,2446,16-09-2025
Rajasthan,Kota,Kota,Soybean,Local,293,4306,4930,4551,16-09-2025
Andhra Pradesh,Guntur,Guntur,Maize,Local,291,1834,2235,2037,16-09-2025
Andhra Pradesh,Kurnool,Kurnool,Rice,Local,107,1926,2287,2125,16-09-2025
Andhra Pradesh,Guntur,Guntur,Turmeric,Local,674,8420,9637,9140,16-09-2025
Karnataka,Mysore,Mysore,Maize,Local,141,1833,2108,1996,16-09-2025
Karnataka,Mysore,Mysore,Tomato,Local,741,1901,2299,2108,16-09-2025
Karnataka,Hubli,Hubli,Rice,Local,333,2024,2402,2175,16-09-2025
Tamil Nadu,Madurai,Madurai,Onion,Local,232,1465,1835,1645,16-09-2025
Tamil Nadu,Coimbatore,Coimbatore,Maize,Local,859,1856,2188,2043,16-09-2025
Tamil Nadu,Madurai,Madurai,Rice,Local,618,2010,2398,2122,16-09-2025
West Bengal,Hooghly,Hooghly,Rice,Local,1498,1938,2362,2106,16-09-2025
West Bengal,Burdwan,Burdwan,Potato,Local,444,906,1121,1019,16-09-2025
Bihar,Patna,Patna,Wheat,Local,1398,1936,2224,2115,16-09-2025
Bihar,Gaya,Gaya,Rice,Local,1495,1912,2272,2126,16-09-2025
Maharashtra,Aurangabad,Aurangabad,Potato,Local,746,992,1230,1085,23-09-2025
Maharashtra,Nagpur,Nagpur,Chickpea,Local,832,4728,5886,5363,23-09-2025
Maharashtra,Nashik,Lasalgaon,Jowar,Local,634,2965,3435,3126,23-09-2025
Uttar Pradesh,Meerut,Meerut,Rice,Local,170,1927,2262,2036,23-09-2025
Uttar Pradesh,Varanasi,Varanasi,Potato,Local,660,948,1183,1062,23-09-2025
Uttar Pradesh,Varanasi,Varanasi,Wheat,Local,578,1824,2316,2049,23-09-2025
Punjab,Bathinda,Bathinda,Wheat,Local,1091,2049,2381,2223,23-09-2025
Punjab,Bathinda,Bathinda,Cotton,Local,1182,6423,7708,7146,23-09-2025
Punjab,Patiala,Patiala,Maize,Local,88,1822,2287,2066,23-09-2025
Haryana,Rohtak,Rohtak,Wheat,Local,1352,2010,2340,2213,23-09-2025
Haryana,Karnal,Karnal,Rice,Local,394,2057,2351,2170,23-09-2025
Haryana,Karnal,Karnal,Maize,Local,975,1934,2407,2126,23-09-2025
Madhya Pradesh,Gwalior,Gwalior,Wheat,Local,1037,1931,2285,2165,23-09-2025
Madhya Pradesh,Bhopal,Bhopal,Soybean,Local,769,4179,4827,4452,23-09-2025
Madhya Pradesh,Indore,Indore,Chickpea,Local,1143,4875,5612,5324,23-09-2025
Gujarat,Rajkot,Rajkot,Cotton,Local,622,6385,7590,6806,23-09-2025
Gujarat,Rajkot,Rajkot,Groundnut,Local,1446,5487,6727,5995,23-09-2025
Gujarat,Ahmedabad,Ahmedabad,Maize,Local,609,1993,2340,2101,23-09-2025
Rajasthan,Jaipur,Jaipur,Soybean,Local,1466,4102,4678,4449,23-09-2025
Rajasthan,Kota,Kota,Wheat,Local,69,1924,2389,2186,23-09-2025
Rajasthan,Jodhpur,Jodhpur,Bajra,Local,1051,2127,2576,2315,23-09-2025
Andhra Pradesh,Vijayawada,Vijayawada,Turmeric,Local,961,8895,10603,9438,23-09-2025
Andhra Pradesh,Guntur,Guntur,Rice,Local,1281,1984,2269,2093,23-09-2025
Andhra Pradesh,Kurnool,Kurnool,Maize,Local,67,1914,2290,2039,23-09-2025
Karnataka,Hubli,Hubli,Rice,Local,625,1943,2282,2170,23-09-2025
Karnataka,Hubli,Hubli,Maize,Local,1306,1945,2274,2149,23-09-2025
Karnataka,Mysore,Mysore,Tomato,Local,1061,1933,2226,2078,23-09-2025
Tamil Nadu,Madurai,Madurai,Rice,Local,451,2029,2333,2183,23-09-2025
Tamil Nadu,Chennai,Chennai,Maize,Local,1061,1882,2202,2000,23-09-2025
Tamil Nadu,Madurai,Madurai,Onion,Local,1447,1510,1794,1630,23-09-2025
West Bengal,Kolkata,Kolkata,Rice,Local,1217,1945,2214,2086,23-09-2025
West Bengal,Kolkata,Kolkata,Potato,Local,1438,973,1123,1045,23-09-2025
Bihar,Patna,Patna,Rice,Local,1381,1792,2187,1969,23-09-2025
Bihar,Gaya,Gaya,Wheat,Local,883,1924,2401,2132,23-09-2025
Maharashtra,Pune,Pune,Potato,Local,509,994,1203,1065,30-09-2025
Maharashtra,Aurangabad,Aurangabad,Tomato,Local,60,1904,2283,2094,30-09-2025
Maharashtra,Solapur,Solapur,Turmeric,Local,101,8293,10313,9363,30-09-2025
Uttar Pradesh,Agra,Agra,Rice,Local,178,1933,2335,2163,30-09-2025
Uttar Pradesh,Kanpur,Kanpur,Sugarcane,Local,1332,2676,3093,2940,30-09-2025
Uttar Pradesh,Agra,Agra,Wheat,Local,747,1952,2376,2175,30-09-2025
Punjab,Bathinda,Bathinda,Maize,Local,245,2070,2450,2216,30-09-2025
Punjab,Bathinda,Bathinda,Cotton,Local,118,6151,7327,6942,30-09-2025
Punjab,Amritsar,Amritsar,Wheat,Local,311,2100,2361,2236,30-09-2025
Haryana,Rohtak,Rohtak,Rice,Local,164,2042,2376,2243,30-09-2025
Haryana,Hisar,Hisar,Wheat,Local,1314,2036,2354,2167,30-09-2025
Haryana,Hisar,Hisar,Cotton,Local,71,6164,7417,6686,30-09-2025
Madhya Pradesh,Indore,Indore,Soybean,Local,1433,4203,4919,4552,30-09-2025
Madhya Pradesh,Indore,Indore,Chickpea,Local,260,4757,5623,5268,30-09-2025
Madhya Pradesh,Bhopal,Bhopal,Wheat,Local,446,1907,2416,2155,30-09-2025
Gujarat,Ahmedabad,Ahmedabad,Maize,Local,547,1922,2251,2065,30-09-2025
Gujarat,Surat,Surat,Cotton,Local,942,6065,7394,6859,30-09-2025
Gujarat,Ahmedabad,Ahmedabad,Groundnut,Local,1158,5935,6858,6362,30-09-2025
Rajasthan,Kota,Kota,Wheat,Local,1110,1962,2478,2179,30-09-2025
Rajasthan,Jaipur,Jaipur,Chickpea,Local,1195,4815,5795,5409,30-09-2025
Rajasthan,Jaipur,Jaipur,Soybean,Local,462,3963,4737,4435,30-09-2025
Andhra Pradesh,Vijayawada,Vijayawada,Maize,Local,728,1983,2307,2090,30-09-2025
Andhra Pradesh,Kurnool,Kurnool,Rice,Local,723,1961,2337,2170,30-09-2025
Andhra Pradesh,Kurnool,Kurnool,Turmeric,Local,1065,8577,10314,9112,30-09-2025
Karnataka,Hubli,Hubli,Tomato,Local,1034,1957,2292,2144,30-09-2025
Karnataka,Bangalore,Bangalore,Chickpea,Local,819,5215,6249,5566,30-09-2025
Karnataka,Bangalore,Bangalore,Rice,Local,70,2028,2271,2162,30-09-2025
Tamil Nadu,Chennai,Chennai,Maize,Local,787,1784,2168,1959,30-09-2025
Tamil Nadu,Coimbatore,Coimbatore,Rice,Local,498,1962,2361,2195,30-09-2025
Tamil Nadu,Chennai,Chennai,Onion,Local,415,1492,1816,1651,30-09-2025
West Bengal,Kolkata,Kolkata,Rice,Local,1437,2009,2239,2129,30-09-2025
West Bengal,Hooghly,Hooghly,Potato,Local,480,939,1064,1004,30-09-2025
Bihar,Gaya,Gaya,Rice,Local,1129,1838,2162,2029,30-09-2025
Bihar,Patna,Patna,Wheat,Local,317,1889,2271,2136,30-09-2025
Maharashtra,Amravati,Amravati,Potato,Local,144,1007,1225,1106,14-10-2025
Maharashtra,Nagpur,Nagpur,Jowar,Local,354,2942,3617,3294,14-10-2025
Maharashtra,Amravati,Amravati,Chickpea,Local,308,5033,5857,5447,14-10-2025
Uttar Pradesh,Agra,Agra,Onion,Local,1309,1662,1993,1778,14-10-2025
Uttar Pradesh,Kanpur,Kanpur,Sugarcane,Local,1092,2698,3359,2974,14-10-2025
Uttar Pradesh,Meerut,Meerut,Wheat,Local,815,1991,2354,2182,14-10-2025
Punjab,Amritsar,Amritsar,Cotton,Local,1245,6402,7700,6953,14-10-2025
Punjab,Bathinda,Bathinda,Maize,Local,530,2011,2326,2133,14-10-2025
Punjab,Patiala,Patiala,Rice,Local,371,2016,2402,2216,14-10-2025
Haryana,Karnal,Karnal,Maize,Local,770,1860,2289,2100,14-10-2025
Haryana,Hisar,Hisar,Rice,Local,922,2062,2499,2260,14-10-2025
Haryana,Hisar,Hisar,Wheat,Local,699,2100,2594,2311,14-10-2025
Madhya Pradesh,Gwalior,Gwalior,Soybean,Local,218,4032,4742,4487,14-10-2025
Madhya Pradesh,Bhopal,Bhopal,Wheat,Local,616,2075,2509,2265,14-10-2025
Madhya Pradesh,Gwalior,Gwalior,Chickpea,Local,460,4575,5445,5169,14-10-2025
Gujarat,Ahmedabad,Ahmedabad,Groundnut,Local,612,5775,6850,6163,14-10-2025
Gujarat,Rajkot,Rajkot,Cotton,Local,1162,6533,7840,6878,14-10-2025
Gujarat,Rajkot,Rajkot,Maize,Local,877,1836,2291,2038,14-10-2025
Rajasthan,Jodhpur,Jodhpur,Bajra,Local,479,2236,2783,2496,14-10-2025
Rajasthan,Kota,Kota,Wheat,Local,1009,2008,2397,2180,14-10-2025
Rajasthan,Jodhpur,Jodhpur,Chickpea,Local,434,4999,5850,5531,14-10-2025
Andhra Pradesh,Vijayawada,Vijayawada,Turmeric,Local,334,9070,10161,9652,14-10-2025
Andhra Pradesh,Vijayawada,Vijayawada,Maize,Local,1073,1950,2415,2163,14-10-2025
Andhra Pradesh,Guntur,Guntur,Rice,Local,1454,2023,2434,2238,14-10-2025
Karnataka,Hubli,Hubli,Chickpea,Local,726,4882,5880,5534,14-10-2025
Karnataka,Mysore,Mysore,Maize,Local,850,1976,2367,2143,14-10-2025
Karnataka,Mysore,Mysore,Tomato,Local,435,1968,2382,2169,14-10-2025
Tamil Nadu,Madurai,Madurai,Rice,Local,1432,1947,2301,2160,14-10-2025
Tamil Nadu,Chennai,Chennai,Maize,Local,104,1880,2214,2005,14-10-2025
Tamil Nadu,Chennai,Chennai,Onion,Local,471,1625,1868,1722,14-10-2025
West Bengal,Hooghly,Hooghly,Potato,Local,719,953,1106,1052,14-10-2025
West Bengal,Hooghly,Hooghly,Rice,Local,906,1970,2203,2075,14-10-2025
Bihar,Gaya,Gaya,Wheat,Local,471,2083,2352,2215,14-10-2025
Bihar,Gaya,Gaya,Rice,Local,1286,1915,2251,2060,14-10-2025
Maharashtra,Amravati,Amravati,Sugarcane,Local,181,2806,3387,3187,13-11-2025
Maharashtra,Aurangabad,Aurangabad,Potato,Local,1215,1073,1258,1146,13-11-2025
Maharashtra,Solapur,Solapur,Tomato,Local,639,2162,2622,2349,13-11-2025
Uttar Pradesh,Varanasi,Varanasi,Sugarcane,Local,408,2966,3441,3171,13-11-2025
Uttar Pradesh,Varanasi,Varanasi,Potato,Local,987,1016,1202,1077,13-11-2025
Uttar Pradesh,Agra,Agra,Onion,Local,855,1691,2086,1894,13-11-2025
Punjab,Ludhiana,Ludhiana,Rice,Local,186,2166,2620,2360,13-11-2025
Punjab,Patiala,Patiala,Wheat,Local,298,2240,2757,2465,13-11-2025
Punjab,Bathinda,Bathinda,Cotton,Local,717,6094,7684,6867,13-11-2025
Haryana,Rohtak,Rohtak,Rice,Local,1358,1956,2331,2215,13-11-2025
Haryana,Karnal,Karnal,Wheat,Local,867,2187,2591,2397,13-11-2025
Haryana,Hisar,Hisar,Cotton,Local,329,6149,7402,6981,13-11-2025
Madhya Pradesh,Bhopal,Bhopal,Chickpea,Local,946,4811,6024,5431,13-11-2025
Madhya Pradesh,Indore,Indore,Soybean,Local,86,4126,4883,4587,13-11-2025
Madhya Pradesh,Indore,Indore,Wheat,Local,394,1947,2447,2191,13-11-2025
Gujarat,Surat,Surat,Maize,Local,120,1903,2249,2103,13-11-2025
Gujarat,Surat,Surat,Groundnut,Local,1350,5834,6752,6404,13-11-2025
Gujarat,Surat,Surat,Cotton,Local,849,6492,7893,6980,13-11-2025
Rajasthan,Jaipur,Jaipur,Soybean,Local,463,4136,5075,4682,13-11-2025
Rajasthan,Jaipur,Jaipur,Wheat,Local,913,2017,2380,2249,13-11-2025
Rajasthan,Jaipur,Jaipur,Bajra,Local,1420,2323,2744,2571,13-11-2025
Andhra Pradesh,Guntur,Guntur,Rice,Local,719,1979,2456,2241,13-11-2025
Andhra Pradesh,Guntur,Guntur,Turmeric,Local,1159,8969,10730,10041,13-11-2025
Andhra Pradesh,Guntur,Guntur,Maize,Local,780,1970,2371,2217,13-11-2025
Karnataka,Bangalore,Bangalore,Maize,Local,500,1929,2341,2190,13-11-2025
Karnataka,Bangalore,Bangalore,Tomato,Local,139,2125,2614,2363,13-11-2025
Karnataka,Bangalore,Bangalore,Rice,Local,1073,2083,2565,2292,13-11-2025
Tamil Nadu,Coimbatore,Coimbatore,Onion,Local,1476,1770,2186,1920,13-11-2025
Tamil Nadu,Chennai,Chennai,Rice,Local,730,2074,2434,2188,13-11-2025
Tamil Nadu,Coimbatore,Coimbatore,Maize,Local,1414,1999,2289,2122,13-11-2025
West Bengal,Burdwan,Burdwan,Rice,Local,1096,1918,2216,2032,13-11-2025
West Bengal,Kolkata,Kolkata,Potato,Local,77,1015,1235,1109,13-11-2025
Bihar,Patna,Patna,Wheat,Local,1319,2000,2401,2147,13-11-2025
Bihar,Gaya,Gaya,Rice,Local,360,1829,2173,2018,13-11-2025
Maharashtra,Amravati,Amravati,Wheat,Local,1368,2155,2565,2386,27-11-2025
Maharashtra,Amravati,Amravati,Sugarcane,Local,1377,3036,3770,3313,27-11-2025
Maharashtra,Nagpur,Nagpur,Tomato,Local,728,2042,2608,2316,27-11-2025
Uttar Pradesh,Lucknow,Lucknow,Rice,Local,1457,1945,2346,2060,27-11-2025
Uttar Pradesh,Agra,Agra,Onion,Local,955,1676,1995,1849,27-11-2025
Uttar Pradesh,Lucknow,Lucknow,Potato,Local,156,970,1205,1061,27-11-2025
Punjab,Ludhiana,Ludhiana,Rice,Local,468,2048,2501,2230,27-11-2025
Punjab,Ludhiana,Ludhiana,Wheat,Local,386,2173,2608,2388,27-11-2025
Punjab,Bathinda,Bathinda,Maize,Local,634,1947,2340,2182,27-11-2025
Haryana,Hisar,Hisar,Cotton,Local,393,6450,7387,6803,27-11-2025
Haryana,Hisar,Hisar,Rice,Local,369,2066,2519,2257,27-11-2025
Haryana,Rohtak,Rohtak,Maize,Local,664,1924,2391,2122,27-11-2025
Madhya Pradesh,Ujjain,Ujjain,Chickpea,Local,818,4874,5827,5342,27-11-2025
Madhya Pradesh,Bhopal,Bhopal,Wheat,Local,366,1932,2372,2172,27-11-2025
Madhya Pradesh,Ujjain,Ujjain,Soybean,Local,816,4152,4927,4416,27-11-2025
Gujarat,Surat,Surat,Cotton,Local,1362,6490,7836,7162,27-11-2025
Gujarat,Rajkot,Rajkot,Maize,Local,304,1968,2380,2089,27-11-2025
Gujarat,Surat,Surat,Groundnut,Local,572,5890,7392,6608,27-11-2025
Rajasthan,Jodhpur,Jodhpur,Soybean,Local,839,4253,4954,4695,27-11-2025
Rajasthan,Kota,Kota,Chickpea,Local,790,5029,5905,5607,27-11-2025
Rajasthan,Jodhpur,Jodhpur,Wheat,Local,352,2037,2564,2310,27-11-2025
Andhra Pradesh,Kurnool,Kurnool,Turmeric,Local,380,9032,11124,9795,27-11-2025
Andhra Pradesh,Guntur,Guntur,Maize,Local,837,1840,2313,2076,27-11-2025
Andhra Pradesh,Guntur,Guntur,Rice,Local,436,2122,2366,2238,27-11-2025
Karnataka,Hubli,Hubli,Maize,Local,833,2010,2412,2197,27-11-2025
Karnataka,Bangalore,Bangalore,Rice,Local,232,1990,2472,2190,27-11-2025
Karnataka,Mysore,Mysore,Chickpea,Local,342,5303,6136,5676,27-11-2025
Tamil Nadu,Chennai,Chennai,Onion,Local,1057,1657,2005,1882,27-11-2025
Tamil Nadu,Madurai,Madurai,Rice,Local,903,1951,2271,2088,27-11-2025
Tamil Nadu,Madurai,Madurai,Maize,Local,431,1879,2200,2064,27-11-2025
West Bengal,Kolkata,Kolkata,Rice,Local,1211,1932,2237,2111,27-11-2025
West Bengal,Hooghly,Hooghly,Potato,Local,442,937,1130,1060,27-11-2025
Bihar,Patna,Patna,Rice,Local,390,1952,2384,2113,27-11-2025
Bihar,Patna,Patna,Wheat,Local,750,1943,2305,2144,27-11-2025
Maharashtra,Solapur,Solapur,Sugarcane,Local,64,2948,3507,3323,27-12-2025
Maharashtra,Amravati,Amravati,Tomato,Local,1119,2294,2559,2417,27-12-2025
Maharashtra,Aurangabad,Aurangabad,Potato,Local,594,1034,1277,1121,27-12-2025
Uttar Pradesh,Lucknow,Lucknow,Sugarcane,Local,695,2808,3502,3099,27-12-2025
Uttar Pradesh,Kanpur,Kanpur,Potato,Local,167,1065,1246,1149,27-12-2025
Uttar Pradesh,Varanasi,Varanasi,Onion,Local,1480,1819,2040,1942,27-12-2025
Punjab,Patiala,Patiala,Rice,Local,559,2163,2675,2404,27-12-2025
Punjab,Bathinda,Bathinda,Wheat,Local,1104,2250,2735,2424,27-12-2025
Punjab,Amritsar,Amritsar,Maize,Local,709,2005,2523,2278,27-12-2025
Haryana,Karnal,Karnal,Maize,Local,1304,2026,2472,2260,27-12-2025
Haryana,Rohtak,Rohtak,Wheat,Local,1025,2252,2702,2381,27-12-2025
Haryana,Rohtak,Rohtak,Cotton,Local,651,6897,8160,7311,27-12-2025
Madhya Pradesh,Ujjain,Ujjain,Wheat,Local,1428,2082,2397,2225,27-12-2025
Madhya Pradesh,Bhopal,Bhopal,Chickpea,Local,1407,4927,5734,5407,27-12-2025
Madhya Pradesh,Indore,Indore,Soybean,Local,1483,4056,5162,4548,27-12-2025
Gujarat,Ahmedabad,Ahmedabad,Groundnut,Local,624,5930,7099,6275,27-12-2025
Gujarat,Ahmedabad,Ahmedabad,Cotton,Local,1423,6572,8054,7092,27-12-2025
Gujarat,Ahmedabad,Ahmedabad,Maize,Local,1057,2091,2451,2214,27-12-2025
Rajasthan,Kota,Kota,Soybean,Local,831,4301,5289,4745,27-12-2025
Rajasthan,Jaipur,Jaipur,Bajra,Local,527,2345,2875,2551,27-12-2025
Rajasthan,Kota,Kota,Chickpea,Local,746,4955,5833,5503,27-12-2025
Andhra Pradesh,Vijayawada,Vijayawada,Turmeric,Local,828,9106,11045,10244,27-12-2025
Andhra Pradesh,Guntur,Guntur,Rice,Local,438,2063,2524,2288,27-12-2025
Andhra Pradesh,Kurnool,Kurnool,Maize,Local,1441,2027,2432,2246,27-12-2025
Karnataka,Bangalore,Bangalore,Maize,Local,657,1972,2264,2099,27-12-2025
Karnataka,Hubli,Hubli,Tomato,Local,348,2169,2626,2378,27-12-2025
Karnataka,Mysore,Mysore,Rice,Local,1276,2151,2558,2298,27-12-2025
Tamil Nadu,Coimbatore,Coimbatore,Maize,Local,491,2049,2409,2204,27-12-2025
Tamil Nadu,Chennai,Chennai,Rice,Local,732,2051,2284,2164,27-12-2025
Tamil Nadu,Madurai,Madurai,Onion,Local,510,1749,2182,1955,27-12-2025
West Bengal,Kolkata,Kolkata,Rice,Local,1400,2064,2388,2217,27-12-2025
West Bengal,Hooghly,Hooghly,Potato,Local,1438,1048,1233,1141,27-12-2025
Bihar,Patna,Patna,Rice,Local,1476,1939,2275,2115,27-12-2025
Bihar,Patna,Patna,Wheat,Local,712,2075,2392,2259,27-12-2025
Maharashtra,Nashik,Lasalgaon,Tomato,Local,479,2204,2727,2412,03-01-2026
Maharashtra,Solapur,Solapur,Soybean,Local,791,4467,5541,4998,03-01-2026
Maharashtra,Aurangabad,Aurangabad,Potato,Local,352,1075,1358,1212,03-01-2026
Uttar Pradesh,Agra,Agra,Sugarcane,Local,157,2860,3216,3016,03-01-2026
Uttar Pradesh,Varanasi,Varanasi,Rice,Local,354,2073,2472,2240,03-01-2026
Uttar Pradesh,Meerut,Meerut,Wheat,Local,669,1994,2437,2245,03-01-2026
Punjab,Bathinda,Bathinda,Rice,Local,233,2244,2625,2364,03-01-2026
Punjab,Bathinda,Bathinda,Maize,Local,1387,2164,2513,2338,03-01-2026
Punjab,Ludhiana,Ludhiana,Cotton,Local,1051,6309,7509,7101,03-01-2026
Haryana,Hisar,Hisar,Wheat,Local,420,2227,2679,2389,03-01-2026
Haryana,Karnal,Karnal,Maize,Local,1220,2079,2447,2247,03-01-2026
Haryana,Karnal,Karnal,Cotton,Local,1150,6085,7787,6880,03-01-2026
Madhya Pradesh,Indore,Indore,Soybean,Local,1050,4321,5289,4709,03-01-2026
Madhya Pradesh,Indore,Indore,Wheat,Local,1384,2136,2584,2319,03-01-2026
Madhya Pradesh,Bhopal,Bhopal,Chickpea,Local,290,5118,6347,5722,03-01-2026
Gujarat,Surat,Surat,Maize,Local,313,2073,2350,2215,03-01-2026
Gujarat,Ahmedabad,Ahmedabad,Groundnut,Local,121,5613,6932,6298,03-01-2026
Gujarat,Ahmedabad,Ahmedabad,Cotton,Local,1164,6626,7837,7238,03-01-2026
Rajasthan,Kota,Kota,Chickpea,Local,650,4903,6301,5551,03-01-2026
Rajasthan,Kota,Kota,Soybean,Local,690,4226,5196,4749,03-01-2026
Rajasthan,Jaipur,Jaipur,Bajra,Local,1095,2474,2877,2605,03-01-2026
Andhra Pradesh,Kurnool,Kurnool,Turmeric,Local,490,8906,10739,9971,03-01-2026
Andhra Pradesh,Vijayawada,Vijayawada,Rice,Local,313,2007,2427,2242,03-01-2026
Andhra Pradesh,Vijayawada,Vijayawada,Maize,Local,831,1952,2366,2205,03-01-2026
Karnataka,Bangalore,Bangalore,Maize,Local,1472,1914,2320,2132,03-01-2026
Karnataka,Hubli,Hubli,Rice,Local,1346,1993,2513,2252,03-01-2026
Karnataka,Hubli,Hubli,Chickpea,Local,1376,5438,6436,5847,03-01-2026
Tamil Nadu,Chennai,Chennai,Onion,Local,826,1795,2231,1990,03-01-2026
Tamil Nadu,Chennai,Chennai,Rice,Local,1138,2028,2428,2260,03-01-2026
Tamil Nadu,Coimbatore,Coimbatore,Maize,Local,232,1973,2345,2172,03-01-2026
West Bengal,Hooghly,Hooghly,Potato,Local,250,1008,1157,1077,03-01-2026
West Bengal,Kolkata,Kolkata,Rice,Local,302,1985,2518,2217,03-01-2026
Bihar,Gaya,Gaya,Rice,Local,627,1849,2251,2044,03-01-2026
Bihar,Patna,Patna,Wheat,Local,847,2134,2412,2264,03-01-2026
Maharashtra,Solapur,Solapur,Potato,Local,1101,1045,1236,1176,10-01-2026
Maharashtra,Pune,Pune,Turmeric,Local,597,8979,10951,10102,10-01-2026
Maharashtra,Solapur,Solapur,Jowar,Local,560,3244,3800,3508,10-01-2026
Uttar Pradesh,Meerut,Meerut,Onion,Local,1009,1743,2071,1914,10-01-2026
Uttar Pradesh,Kanpur,Kanpur,Sugarcane,Local,518,2900,3360,3063,10-01-2026
Uttar Pradesh,Agra,Agra,Potato,Local,690,1004,1221,1133,10-01-2026
Punjab,Bathinda,Bathinda,Wheat,Local,635,2268,2684,2544,10-01-2026
Punjab,Ludhiana,Ludhiana,Cotton,Local,1436,6477,8349,7354,10-01-2026
Punjab,Amritsar,Amritsar,Maize,Local,1140,2078,2585,2268,10-01-2026
Haryana,Rohtak,Rohtak,Rice,Local,1488,2206,2636,2366,10-01-2026
Haryana,Rohtak,Rohtak,Wheat,Local,1131,2227,2771,2482,10-01-2026
Haryana,Rohtak,Rohtak,Maize,Local,1431,2093,2579,2269,10-01-2026
Madhya Pradesh,Ujjain,Ujjain,Wheat,Local,154,2037,2478,2291,10-01-2026
Madhya Pradesh,Bhopal,Bhopal,Chickpea,Local,742,5000,6376,5606,10-01-2026
Madhya Pradesh,Gwalior,Gwalior,Soybean,Local,644,4522,5425,4813,10-01-2026
Gujarat,Rajkot,Rajkot,Cotton,Local,495,6345,7499,6810,10-01-2026
Gujarat,Rajkot,Rajkot,Maize,Local,122,2161,2502,2282,10-01-2026
Gujarat,Surat,Surat,Groundnut,Local,62,6249,7019,6652,10-01-2026
Rajasthan,Jodhpur,Jodhpur,Chickpea,Local,431,4929,6328,5599,10-01-2026
Rajasthan,Kota,Kota,Wheat,Local,223,2051,2530,2312,10-01-2026
Rajasthan,Jaipur,Jaipur,Soybean,Local,1048,4224,5032,4742,10-01-2026
Andhra Pradesh,Vijayawada,Vijayawada,Rice,Local,423,2010,2402,2218,10-01-2026
Andhra Pradesh,Kurnool,Kurnool,Maize,Local,949,1986,2438,2238,10-01-2026
Andhra Pradesh,Kurnool,Kurnool,Turmeric,Local,456,9222,10392,9892,10-01-2026
Karnataka,Bangalore,Bangalore,Maize,Local,114,1947,2312,2141,10-01-2026
Karnataka,Bangalore,Bangalore,Rice,Local,594,2154,2586,2276,10-01-2026
Karnataka,Mysore,Mysore,Tomato,Local,310,2191,2676,2385,10-01-2026
Tamil Nadu,Coimbatore,Coimbatore,Maize,Local,368,1840,2181,2073,10-01-2026
Tamil Nadu,Coimbatore,Coimbatore,Onion,Local,1439,1811,2078,1940,10-01-2026
Tamil Nadu,Coimbatore,Coimbatore,Rice,Local,1033,1998,2277,2167,10-01-2026
West Bengal,Kolkata,Kolkata,Potato,Local,1097,976,1185,1072,10-01-2026
West Bengal,Kolkata,Kolkata,Rice,Local,1485,1953,2359,2092,10-01-2026
Bihar,Patna,Patna,Rice,Local,1078,1971,2233,2108,10-01-2026
Bihar,Patna,Patna,Wheat,Local,354,2056,2421,2188,10-01-2026
Maharashtra,Latur,Latur,Soybean,Local,86,4281,5094,4791,17-01-2026
Maharashtra,Nagpur,Nagpur,Jowar,Local,1125,3116,3592,3313,17-01-2026
Maharashtra,Aurangabad,Aurangabad,Wheat,Local,922,2322,2619,2448,17-01-2026
Uttar Pradesh,Varanasi,Varanasi,Wheat,Local,768,1961,2392,2209,17-01-2026
Uttar Pradesh,Agra,Agra,Sugarcane,Local,51,2879,3257,3054,17-01-2026
Uttar Pradesh,Meerut,Meerut,Potato,Local,623,1024,1221,1135,17-01-2026
Punjab,Amritsar,Amritsar,Wheat,Local,278,2202,2601,2408,17-01-2026
Punjab,Patiala,Patiala,Rice,Local,316,2175,2624,2344,17-01-2026
Punjab,Patiala,Patiala,Cotton,Local,1256,6648,7926,7097,17-01-2026
Haryana,Rohtak,Rohtak,Cotton,Local,317,6296,7845,6943,17-01-2026
Haryana,Karnal,Karnal,Maize,Local,1390,2037,2529,2293,17-01-2026
Haryana,Rohtak,Rohtak,Rice,Local,1169,2036,2366,2234,17-01-2026
Madhya Pradesh,Bhopal,Bhopal,Soybean,Local,139,4356,5432,4872,17-01-2026
Madhya Pradesh,Gwalior,Gwalior,Chickpea,Local,1197,5024,5868,5470,17-01-2026
Madhya Pradesh,Indore,Indore,Wheat,Local,943,2176,2662,2388,17-01-2026
Gujarat,Ahmedabad,Ahmedabad,Cotton,Local,643,6100,7714,6784,17-01-2026
Gujarat,Surat,Surat,Maize,Local,439,2021,2600,2286,17-01-2026
Gujarat,Ahmedabad,Ahmedabad,Groundnut,Local,1101,6048,7259,6612,17-01-2026
Rajasthan,Jaipur,Jaipur,Wheat,Local,473,2133,2597,2351,17-01-2026
Rajasthan,Kota,Kota,Chickpea,Local,68,5005,6002,5440,17-01-2026
Rajasthan,Jaipur,Jaipur,Soybean,Local,671,4387,5178,4719,17-01-2026
Andhra Pradesh,Vijayawada,Vijayawada,Maize,Local,130,1879,2279,2127,17-01-2026
Andhra Pradesh,Kurnool,Kurnool,Turmeric,Local,603,9322,11219,9898,17-01-2026
Andhra Pradesh,Kurnool,Kurnool,Rice,Local,1144,2018,2528,2249,17-01-2026
Karnataka,Hubli,Hubli,Tomato,Local,1494,2299,2617,2425,17-01-2026
Karnataka,Mysore,Mysore,Chickpea,Local,653,5044,6413,5671,17-01-2026
Karnataka,Bangalore,Bangalore,Maize,Local,778,2116,2408,2291,17-01-2026
Tamil Nadu,Chennai,Chennai,Onion,Local,1244,1677,2111,1903,17-01-2026
Tamil Nadu,Madurai,Madurai,Maize,Local,577,2022,2472,2178,17-01-2026
Tamil Nadu,Coimbatore,Coimbatore,Rice,Local,501,2024,2475,2203,17-01-2026
West Bengal,Hooghly,Hooghly,Potato,Local,368,1045,1247,1116,17-01-2026
West Bengal,Kolkata,Kolkata,Rice,Local,1031,1945,2263,2089,17-01-2026
Bihar,Gaya,Gaya,Rice,Local,1216,1974,2245,2106,17-01-2026
Bihar,Patna,Patna,Wheat,Local,685,2074,2499,2324,17-01-2026
Maharashtra,Aurangabad,Aurangabad,Jowar,Local,1371,3001,3598,3298,31-01-2026
Maharashtra,Latur,Latur,Sugarcane,Local,74,2908,3538,3172,31-01-2026
Maharashtra,Amravati,Amravati,Onion,Local,77,1773,2072,1955,31-01-2026
Uttar Pradesh,Agra,Agra,Wheat,Local,1278,2104,2656,2341,31-01-2026
Uttar Pradesh,Kanpur,Kanpur,Rice,Local,1160,1944,2475,2207,31-01-2026
Uttar Pradesh,Varanasi,Varanasi,Onion,Local,1202,1750,2098,1975,31-01-2026
Punjab,Amritsar,Amritsar,Rice,Local,597,2071,2537,2309,31-01-2026
Punjab,Bathinda,Bathinda,Cotton,Local,260,6095,7585,6902,31-01-2026
Punjab,Bathinda,Bathinda,Maize,Local,924,2082,2321,2206,31-01-2026
Haryana,Hisar,Hisar,Cotton,Local,280,6546,7540,6952,31-01-2026
Haryana,Hisar,Hisar,Rice,Local,627,1980,2362,2230,31-01-2026
Haryana,Karnal,Karnal,Maize,Local,223,1963,2352,2173,31-01-2026
Madhya Pradesh,Bhopal,Bhopal,Chickpea,Local,920,5038,5946,5576,31-01-2026
Madhya Pradesh,Gwalior,Gwalior,Wheat,Local,637,2216,2642,2388,31-01-2026
Madhya Pradesh,Gwalior,Gwalior,Soybean,Local,805,4341,5287,4829,31-01-2026
Gujarat,Rajkot,Rajkot,Maize,Local,350,2153,2542,2270,31-01-2026
Gujarat,Ahmedabad,Ahmedabad,Groundnut,Local,1029,5712,7031,6268,31-01-2026
Gujarat,Ahmedabad,Ahmedabad,Cotton,Local,346,6146,7533,6754,31-01-2026
Rajasthan,Kota,Kota,Soybean,Local,1035,4377,5295,4838,31-01-2026
Rajasthan,Kota,Kota,Bajra,Local,333,2414,2899,2618,31-01-2026
Rajasthan,Kota,Kota,Chickpea,Local,1153,5310,6438,5856,31-01-2026
Andhra Pradesh,Vijayawada,Vijayawada,Maize,Local,1470,1963,2317,2111,31-01-2026
Andhra Pradesh,Kurnool,Kurnool,Rice,Local,466,1926,2353,2174,31-01-2026
Andhra Pradesh,Kurnool,Kurnool,Turmeric,Local,275,9198,10698,10073,31-01-2026
Karnataka,Bangalore,Bangalore,Chickpea,Local,912,5060,6406,5685,31-01-2026
Karnataka,Hubli,Hubli,Maize,Local,290,1930,2408,2155,31-01-2026
Karnataka,Mysore,Mysore,Tomato,Local,919,2211,2567,2439,31-01-2026
Tamil Nadu,Coimbatore,Coimbatore,Rice,Local,350,2004,2315,2175,31-01-2026
Tamil Nadu,Chennai,Chennai,Onion,Local,902,1691,1981,1885,31-01-2026
Tamil Nadu,Madurai,Madurai,Maize,Local,1130,1996,2323,2186,31-01-2026
West Bengal,Kolkata,Kolkata,Potato,Local,1473,995,1233,1101,31-01-2026
West Bengal,Burdwan,Burdwan,Rice,Local,115,1869,2369,2098,31-01-2026
Bihar,Gaya,Gaya,Wheat,Local,980,2024,2397,2157,31-01-2026
Bihar,Patna,Patna,Rice,Local,917,1998,2432,2183,31-01-2026
Maharashtra,Pune,Pune,Onion,Local,1317,1898,2282,2135,07-02-2026
Maharashtra,Latur,Latur,Potato,Local,1195,1048,1312,1174,07-02-2026
Maharashtra,Solapur,Solapur,Jowar,Local,691,3300,3845,3521,07-02-2026
Uttar Pradesh,Agra,Agra,Sugarcane,Local,602,2723,3271,3006,07-02-2026
Uttar Pradesh,Agra,Agra,Onion,Local,737,1715,2121,1894,07-02-2026
Uttar Pradesh,Meerut,Meerut,Wheat,Local,483,2039,2423,2287,07-02-2026
Punjab,Amritsar,Amritsar,Wheat,Local,601,2325,2647,2514,07-02-2026
Punjab,Amritsar,Amritsar,Rice,Local,1040,2229,2668,2424,07-02-2026
Punjab,Patiala,Patiala,Cotton,Local,780,6192,7528,6985,07-02-2026
Haryana,Rohtak,Rohtak,Rice,Local,315,2067,2465,2278,07-02-2026
Haryana,Karnal,Karnal,Maize,Local,1081,2080,2604,2303,07-02-2026
Haryana,Hisar,Hisar,Wheat,Local,832,2317,2609,2480,07-02-2026
Madhya Pradesh,Indore,Indore,Chickpea,Local,1331,5110,5822,5508,07-02-2026
Madhya Pradesh,Bhopal,Bhopal,Wheat,Local,1445,2191,2615,2445,07-02-2026
Madhya Pradesh,Gwalior,Gwalior,Soybean,Local,1107,4309,5496,4835,07-02-2026
Gujarat,Surat,Surat,Cotton,Local,131,6392,7852,6920,07-02-2026
Gujarat,Surat,Surat,Groundnut,Local,1300,6037,7113,6655,07-02-2026
Gujarat,Ahmedabad,Ahmedabad,Maize,Local,1068,1916,2380,2151,07-02-2026
Rajasthan,Jodhpur,Jodhpur,Bajra,Local,228,2423,2864,2556,07-02-2026
Rajasthan,Jaipur,Jaipur,Chickpea,Local,380,4991,6276,5534,07-02-2026
Rajasthan,Kota,Kota,Wheat,Local,416,2120,2477,2341,07-02-2026
Andhra Pradesh,Kurnool,Kurnool,Maize,Local,337,2137,2495,2289,07-02-2026
Andhra Pradesh,Guntur,Guntur,Turmeric,Local,637,9847,11662,10771,07-02-2026
Andhra Pradesh,Guntur,Guntur,Rice,Local,952,2058,2477,2229,07-02-2026
Karnataka,Bangalore,Bangalore,Chickpea,Local,1447,5419,6356,5920,07-02-2026
Karnataka,Hubli,Hubli,Maize,Local,551,2080,2511,2249,07-02-2026
Karnataka,Mysore,Mysore,Tomato,Local,645,2208,2825,2507,07-02-2026
Tamil Nadu,Coimbatore,Coimbatore,Rice,Local,764,2025,2389,2152,07-02-2026
Tamil Nadu,Chennai,Chennai,Maize,Local,273,1977,2421,2155,07-02-2026
Tamil Nadu,Coimbatore,Coimbatore,Onion,Local,862,1709,2187,1925,07-02-2026
West Bengal,Kolkata,Kolkata,Rice,Local,1045,1918,2423,2126,07-02-2026
West Bengal,Burdwan,Burdwan,Potato,Local,128,1049,1234,1148,07-02-2026
Bihar,Gaya,Gaya,Wheat,Local,1281,1989,2447,2222,07-02-2026
Bihar,Patna,Patna,Rice,Local,1019,1928,2307,2058,07-02-2026
Maharashtra,Nagpur,Nagpur,Sugarcane,Local,191,2974,3402,3217,14-02-2026
Maharashtra,Latur,Latur,Wheat,Local,909,2195,2715,2437,14-02-2026
Maharashtra,Pune,Pune,Jowar,Local,160,3156,3572,3349,14-02-2026
Uttar Pradesh,Meerut,Meerut,Sugarcane,Local,1023,2743,3299,3033,14-02-2026
Uttar Pradesh,Meerut,Meerut,Potato,Local,776,1033,1290,1159,14-02-2026
Uttar Pradesh,Lucknow,Lucknow,Rice,Local,1272,1901,2419,2159,14-02-2026
Punjab,Amritsar,Amritsar,Wheat,Local,698,2342,2800,2468,14-02-2026
Punjab,Amritsar,Amritsar,Maize,Local,698,2033,2370,2229,14-02-2026
Punjab,Bathinda,Bathinda,Cotton,Local,57,6876,7962,7416,14-02-2026
Haryana,Hisar,Hisar,Cotton,Local,434,6680,7644,7257,14-02-2026
Haryana,Hisar,Hisar,Maize,Local,492,2155,2547,2307,14-02-2026
Haryana,Hisar,Hisar,Rice,Local,79,2018,2510,2259,14-02-2026
Madhya Pradesh,Ujjain,Ujjain,Soybean,Local,1482,4470,5510,4884,14-02-2026
Madhya Pradesh,Ujjain,Ujjain,Wheat,Local,771,2177,2595,2387,14-02-2026
Madhya Pradesh,Ujjain,Ujjain,Chickpea,Local,410,5295,6013,5672,14-02-2026
Gujarat,Surat,Surat,Cotton,Local,633,6299,7698,7067,14-02-2026
Gujarat,Ahmedabad,Ahmedabad,Maize,Local,1320,2059,2432,2261,14-02-2026
Gujarat,Ahmedabad,Ahmedabad,Groundnut,Local,1380,6340,7173,6771,14-02-2026
Rajasthan,Jodhpur,Jodhpur,Chickpea,Local,1347,5389,6412,5834,14-02-2026
Rajasthan,Jaipur,Jaipur,Bajra,Local,911,2385,2827,2547,14-02-2026
Rajasthan,Jodhpur,Jodhpur,Wheat,Local,450,2125,2527,2331,14-02-2026
Andhra Pradesh,Kurnool,Kurnool,Rice,Local,860,2090,2483,2230,14-02-2026
Andhra Pradesh,Vijayawada,Vijayawada,Maize,Local,598,2134,2501,2283,14-02-2026
Andhra Pradesh,Vijayawada,Vijayawada,Turmeric,Local,899,9559,11421,10183,14-02-2026
Karnataka,Hubli,Hubli,Maize,Local,1112,1891,2404,2144,14-02-2026
Karnataka,Bangalore,Bangalore,Tomato,Local,930,2226,2800,2464,14-02-2026
Karnataka,Bangalore,Bangalore,Rice,Local,855,2067,2518,2278,14-02-2026
Tamil Nadu,Coimbatore,Coimbatore,Onion,Local,875,1855,2281,2045,14-02-2026
Tamil Nadu,Madurai,Madurai,Maize,Local,308,1971,2292,2164,14-02-2026
Tamil Nadu,Coimbatore,Coimbatore,Rice,Local,1334,1963,2315,2133,14-02-2026
West Bengal,Burdwan,Burdwan,Rice,Local,1337,1865,2292,2104,14-02-2026
West Bengal,Burdwan,Burdwan,Potato,Local,211,1015,1208,1099,14-02-2026
Bihar,Gaya,Gaya,Rice,Local,1343,1933,2371,2174,14-02-2026
Bihar,Patna,Patna,Wheat,Local,446,2064,2386,2230,14-02-2026
Maharashtra,Amravati,Amravati,Cotton,Local,1236,6115,7228,6870,28-02-2026
Maharashtra,Nashik,Lasalgaon,Wheat,Local,269,2169,2624,2378,28-02-2026
Maharashtra,Amravati,Amravati,Turmeric,Local,1062,9805,11009,10402,28-02-2026
Uttar Pradesh,Agra,Agra,Potato,Local,1046,1034,1201,1105,28-02-2026
Uttar Pradesh,Varanasi,Varanasi,Rice,Local,1347,1935,2405,2128,28-02-2026
Uttar Pradesh,Meerut,Meerut,Sugarcane,Local,415,2851,3357,3194,28-02-2026
Punjab,Amritsar,Amritsar,Wheat,Local,1169,2379,2877,2603,28-02-2026
Punjab,Amritsar,Amritsar,Cotton,Local,444,6569,7989,7049,28-02-2026
Punjab,Patiala,Patiala,Rice,Local,492,2146,2619,2342,28-02-2026
Haryana,Hisar,Hisar,Wheat,Local,309,2190,2729,2446,28-02-2026
Haryana,Rohtak,Rohtak,Rice,Local,1500,2030,2403,2271,28-02-2026
Haryana,Rohtak,Rohtak,Maize,Local,943,2098,2581,2299,28-02-2026
Madhya Pradesh,Ujjain,Ujjain,Soybean,Local,625,4279,5209,4610,28-02-2026
Madhya Pradesh,Bhopal,Bhopal,Wheat,Local,389,2137,2519,2284,28-02-2026
Madhya Pradesh,Gwalior,Gwalior,Chickpea,Local,917,5363,6627,5867,28-02-2026
Gujarat,Ahmedabad,Ahmedabad,Cotton,Local,1345,6436,7583,6998,28-02-2026
Gujarat,Surat,Surat,Groundnut,Local,568,6112,7370,6486,28-02-2026
Gujarat,Rajkot,Rajkot,Maize,Local,1136,2039,2496,2211,28-02-2026
Rajasthan,Jaipur,Jaipur,Chickpea,Local,782,5030,6248,5573,28-02-2026
Rajasthan,Jaipur,Jaipur,Bajra,Local,693,2278,2665,2460,28-02-2026
Rajasthan,Jodhpur,Jodhpur,Soybean,Local,487,4264,5120,4594,28-02-2026
Andhra Pradesh,Kurnool,Kurnool,Turmeric,Local,1129,9460,11516,10430,28-02-2026
Andhra Pradesh,Kurnool,Kurnool,Maize,Local,1424,1920,2359,2135,28-02-2026
Andhra Pradesh,Guntur,Guntur,Rice,Local,941,2090,2511,2259,28-02-2026
Karnataka,Mysore,Mysore,Chickpea,Local,612,5144,5930,5625,28-02-2026
Karnataka,Mysore,Mysore,Tomato,Local,1260,2161,2617,2370,28-02-2026
Karnataka,Bangalore,Bangalore,Rice,Local,1229,1957,2335,2220,28-02-2026
Tamil Nadu,Chennai,Chennai,Maize,Local,1130,2016,2510,2220,28-02-2026
Tamil Nadu,Madurai,Madurai,Onion,Local,900,1718,2130,1950,28-02-2026
Tamil Nadu,Madurai,Madurai,Rice,Local,213,1953,2341,2165,28-02-2026
West Bengal,Hooghly,Hooghly,Potato,Local,980,1035,1268,1140,28-02-2026
West Bengal,Burdwan,Burdwan,Rice,Local,815,2100,2351,2216,28-02-2026
Bihar,Gaya,Gaya,Wheat,Local,711,2098,2377,2237,28-02-2026
Bihar,Patna,Patna,Rice,Local,805,1849,2326,2086,28-02-2026
Maharashtra,Latur,Latur,Cotton,Local,1458,6174,7355,6850,07-03-2026
Maharashtra,Latur,Latur,Wheat,Local,332,2299,2822,2536,07-03-2026
Maharashtra,Amravati,Amravati,Onion,Local,1246,1871,2374,2105,07-03-2026
Uttar Pradesh,Varanasi,Varanasi,Sugarcane,Local,1404,2744,3298,2993,07-03-2026
Uttar Pradesh,Agra,Agra,Onion,Local,512,1881,2325,2084,07-03-2026
Uttar Pradesh,Lucknow,Lucknow,Potato,Local,1193,1019,1196,1131,07-03-2026
Punjab,Ludhiana,Ludhiana,Rice,Local,1423,2084,2435,2278,07-03-2026
Punjab,Ludhiana,Ludhiana,Maize,Local,747,2055,2479,2266,07-03-2026
Punjab,Patiala,Patiala,Wheat,Local,691,2418,2840,2591,07-03-2026
Haryana,Hisar,Hisar,Rice,Local,794,2130,2548,2400,07-03-2026
Haryana,Karnal,Karnal,Maize,Local,869,2197,2560,2335,07-03-2026
Haryana,Rohtak,Rohtak,Wheat,Local,1232,2199,2687,2417,07-03-2026
Madhya Pradesh,Bhopal,Bhopal,Wheat,Local,993,2287,2629,2453,07-03-2026
Madhya Pradesh,Gwalior,Gwalior,Chickpea,Local,770,5122,6156,5608,07-03-2026
Madhya Pradesh,Bhopal,Bhopal,Soybean,Local,484,4256,5012,4633,07-03-2026
Gujarat,Rajkot,Rajkot,Cotton,Local,1378,6101,7185,6786,07-03-2026
Gujarat,Ahmedabad,Ahmedabad,Maize,Local,874,2044,2419,2247,07-03-2026
Gujarat,Ahmedabad,Ahmedabad,Groundnut,Local,937,6076,7251,6625,07-03-2026
Rajasthan,Kota,Kota,Bajra,Local,123,2341,2758,2615,07-03-2026
Rajasthan,Kota,Kota,Soybean,Local,513,4190,5017,4737,07-03-2026
Rajasthan,Kota,Kota,Chickpea,Local,500,5327,6366,5865,07-03-2026
Andhra Pradesh,Vijayawada,Vijayawada,Turmeric,Local,639,9564,11060,10229,07-03-2026
Andhra Pradesh,Vijayawada,Vijayawada,Maize,Local,1080,2050,2330,2201,07-03-2026
Andhra Pradesh,Kurnool,Kurnool,Rice,Local,1458,2133,2579,2289,07-03-2026
Karnataka,Hubli,Hubli,Maize,Local,76,1939,2342,2147,07-03-2026
Karnataka,Bangalore,Bangalore,Rice,Local,590,2064,2436,2285,07-03-2026
Karnataka,Mysore,Mysore,Tomato,Local,771,2261,2546,2423,07-03-2026
Tamil Nadu,Madurai,Madurai,Onion,Local,85,1907,2202,2089,07-03-2026
Tamil Nadu,Chennai,Chennai,Rice,Local,1080,2029,2413,2254,07-03-2026
Tamil Nadu,Coimbatore,Coimbatore,Maize,Local,737,2040,2313,2184,07-03-2026
West Bengal,Hooghly,Hooghly,Potato,Local,796,1064,1296,1185,07-03-2026
West Bengal,Burdwan,Burdwan,Rice,Local,1110,1893,2330,2092,07-03-2026
Bihar,Gaya,Gaya,Rice,Local,352,1937,2341,2114,07-03-2026
Bihar,Patna,Patna,Wheat,Local,1069,2199,2523,2374,07-03-2026
Maharashtra,Solapur,Solapur,Turmeric,Local,823,9247,11820,10434,21-03-2026
Maharashtra,Aurangabad,Aurangabad,Jowar,Local,1165,2985,3673,3320,21-03-2026
Maharashtra,Nagpur,Nagpur,Chickpea,Local,1440,5817,6586,6180,21-03-2026
Uttar Pradesh,Meerut,Meerut,Potato,Local,134,1087,1234,1145,21-03-2026
Uttar Pradesh,Varanasi,Varanasi,Sugarcane,Local,937,2794,3416,3091,21-03-2026
Uttar Pradesh,Agra,Agra,Onion,Local,275,1889,2183,2019,21-03-2026
Punjab,Ludhiana,Ludhiana,Cotton,Local,1327,6436,8217,7227,21-03-2026
Punjab,Bathinda,Bathinda,Maize,Local,81,2013,2509,2236,21-03-2026
Punjab,Bathinda,Bathinda,Wheat,Local,158,2190,2686,2434,21-03-2026
Haryana,Hisar,Hisar,Maize,Local,332,2086,2344,2223,21-03-2026
Haryana,Karnal,Karnal,Wheat,Local,1198,2411,2824,2579,21-03-2026
Haryana,Hisar,Hisar,Cotton,Local,452,6917,7905,7438,21-03-2026
Madhya Pradesh,Ujjain,Ujjain,Chickpea,Local,1439,5101,6044,5586,21-03-2026
Madhya Pradesh,Gwalior,Gwalior,Wheat,Local,585,2243,2506,2367,21-03-2026
Madhya Pradesh,Bhopal,Bhopal,Soybean,Local,710,4297,5246,4816,21-03-2026
Gujarat,Rajkot,Rajkot,Maize,Local,225,1968,2307,2142,21-03-2026
Gujarat,Rajkot,Rajkot,Groundnut,Local,819,6108,7265,6610,21-03-2026
Gujarat,Surat,Surat,Cotton,Local,1081,6244,7576,6810,21-03-2026
Rajasthan,Kota,Kota,Soybean,Local,106,4364,5216,4799,21-03-2026
Rajasthan,Kota,Kota,Wheat,Local,337,2161,2449,2315,21-03-2026
Rajasthan,Jaipur,Jaipur,Chickpea,Local,814,5574,6570,5961,21-03-2026
Andhra Pradesh,Guntur,Guntur,Turmeric,Local,62,9701,11612,10690,21-03-2026
Andhra Pradesh,Kurnool,Kurnool,Maize,Local,161,2107,2443,2238,21-03-2026
Andhra Pradesh,Vijayawada,Vijayawada,Rice,Local,732,2051,2423,2186,21-03-2026
Karnataka,Hubli,Hubli,Tomato,Local,1247,2377,2681,2527,21-03-2026
Karnataka,Bangalore,Bangalore,Maize,Local,1107,2054,2458,2208,21-03-2026
Karnataka,Hubli,Hubli,Chickpea,Local,1433,5609,6288,5919,21-03-2026
Tamil Nadu,Madurai,Madurai,Rice,Local,1327,2138,2538,2261,21-03-2026
Tamil Nadu,Madurai,Madurai,Maize,Local,297,1848,2222,2089,21-03-2026
Tamil Nadu,Coimbatore,Coimbatore,Onion,Local,1085,1756,2145,1963,21-03-2026
West Bengal,Kolkata,Kolkata,Potato,Local,426,1062,1289,1179,21-03-2026
West Bengal,Hooghly,Hooghly,Rice,Local,1445,2053,2513,2236,21-03-2026
Bihar,Patna,Patna,Wheat,Local,1396,1977,2384,2243,21-03-2026
Bihar,Gaya,Gaya,Rice,Local,1025,1954,2305,2097,21-03-2026
